,STATION ID,STATION NAME,PROV,LATITUDE,LONGITUDE,DRAINAGE AREA,COUNTRY
AB-05AA008,05AA008,CROWSNEST RIVER AT FRANK,AB,49.59732056,-114.4106369,403,CAN
AB-05AA023,05AA023,OLDMAN RIVER NEAR WALDRON'S CORNER,AB,49.81388855,-114.1833267,1446.099976,CAN
AB-05AD003,05AD003,WATERTON RIVER NEAR WATERTON PARK,AB,49.11365891,-113.8394012,613,CAN
AB-05AD005,05AD005,BELLY RIVER NEAR MOUNTAIN VIEW,AB,49.09960175,-113.6977234,319,CAN
AB-05AD025,05AD025,WATERTON LAKE AT WATERTON PARK,AB,49.05360031,-113.9070511,403,CAN
AB-05BA002,05BA002,PIPESTONE RIVER NEAR LAKE LOUISE,AB,51.43310928,-116.1749496,306,CAN
AB-05BB001,05BB001,BOW RIVER AT BANFF,AB,51.17222977,-115.5717697,2210,CAN
AB-05BL022,05BL022,CATARACT CREEK NEAR FORESTRY ROAD,AB,50.28525925,-114.588707,166,CAN
AB-05BM014,05BM014,WEST ARROWWOOD CREEK NEAR ARROWWOOD,AB,50.7640419,-113.2363129,777,CAN
AB-05DA007,05DA007,MISTAYA RIVER NEAR SASKATCHEWAN CROSSING,AB,51.88426971,-116.6891937,248,CAN
AB-05DA009,05DA009,NORTH SASKATCHEWAN RIVER AT WHIRLPOOL POINT,AB,52.00119019,-116.470932,1920,CAN
AB-05DA010,05DA010,SILVERHORN CREEK NEAR THE MOUTH,AB,51.79991913,-116.5839462,21,CAN
AB-05DE007,05DE007,ROSE CREEK NEAR ALDER FLATS,AB,52.92990875,-115.0110168,559,CAN
AB-05FB002,05FB002,IRON CREEK NEAR HARDISTY,AB,52.70800018,-111.3103867,3500,CAN
AB-06AB002,06AB002,WOLF RIVER AT OUTLET OF WOLF LAKE,AB,54.71279907,-111.0022736,726,CAN
AB-07AA001,07AA001,MIETTE RIVER NEAR JASPER,AB,52.86412048,-118.1071701,629,CAN
AB-07AA002,07AA002,ATHABASCA RIVER NEAR JASPER,AB,52.91019058,-118.0587006,3870,CAN
AB-07AH002,07AH002,CHRISTMAS CREEK NEAR BLUE RIDGE,AB,54.22766876,-115.332489,423,CAN
AB-07CD001,07CD001,CLEARWATER RIVER AT DRAPER,AB,56.68526077,-111.2553024,30800,CAN
AB-07DD002,07DD002,RICHARDSON RIVER NEAR THE MOUTH,AB,58.36043167,-111.2405014,2730,CAN
AB-07GG001,07GG001,WASKAHIGAN RIVER NEAR THE MOUTH,AB,54.75201035,-117.2057037,1040,CAN
AB-07JC001,07JC001,LAFOND CREEK NEAR RED EARTH CREEK,AB,57.07305145,-115.0966797,492,CAN
AB-07KE001,07KE001,BIRCH RIVER BELOW ALICE CREEK,AB,58.32492065,-113.0651016,9860,CAN
AB-07OB003,07OB003,HAY RIVER NEAR MEANDER RIVER,AB,59.14945984,-117.6363297,36900,CAN
AB-11AA026,11AA026,SAGE CREEK AT Q RANCH NEAR WILDHORSE,AB,49.10771942,-110.223671,569,CAN
AK-15072000,15072000,FISH C NR KETCHIKAN AK,AK,55.3916038,-131.1955833,91.18689,USA
AK-15085100,15085100,OLD TOM C NR KASAAN AK,AK,55.3951944,-132.4086268,15.28412,USA
AK-15129500,15129500,SITUK R NR YAKUTAT AK,AK,59.58636636,-139.4941877,93.13876,USA
AK-15239050,15239050,MF BRADLEY R NR HOMER AK,AK,59.77774568,-150.7562948,23.70175,USA
AK-15266300,15266300,KENAI R AT SOLDOTNA AK,AK,60.4769289,-151.0816675,5192.115,USA
AK-15290000,15290000,L SUSITNA R NR PALMER AK,AK,61.7097433,-149.231938,162.2304,USA
AK-15292700,15292700,TALKEETNA R NR TALKEETNA AK,AK,62.3464388,-150.019201,5219.027,USA
AK-15478040,15478040,PHELAN C NR PAXSON AK,AK,63.2404219,-145.4697352,29.92392,USA
AK-15484000,15484000,SALCHA R NR SALCHAKET AK,AK,64.4723591,-146.926265,5737.269,USA
AK-15493000,15493000,CHENA R NR TWO RIVERS AK,AK,64.9023739,-146.359366,2418.995,USA
AK-15511000,15511000,L CHENA R NR FAIRBANKS AK,AK,64.88568988,-147.2496477,886.7069,USA
AK-15896000,15896000,KUPARUK R NR DEADHORSE AK,AK,70.28138539,-148.962786,8654.482,USA
AK-15908000,15908000,SAGAVANIRKTOK R NR PUMP STA 3 AK,AK,69.0146482,-148.8200342,4821.852,USA
AL-02342933,02342933,SOUTH FORK COWIKEE CREEK NEAR BATESVILLE AL,AL,32.01765721,-85.29577044,290.0952,USA
AL-02361000,02361000,"CHOCTAWHATCHEE RIVER NEAR NEWTON, AL.",AL,31.34294923,-85.61049115,1781.611,USA
AL-02363000,02363000,PEA RIVER NEAR ARITON AL,AL,31.59488716,-85.78299751,1292.513,USA
AL-02369800,02369800,BLACKWATER RIVER NEAR BRADLEY AL,AL,31.02767985,-86.70995668,227.5129,USA
AL-02371500,02371500,CONECUH RIVER AT BRANTLEY AL,AL,31.57349458,-86.25162264,1292.785,USA
AL-02372250,02372250,PATSALIGA CREEK NEAR BRANTLEY AL,AL,31.59627177,-86.40551809,1145.223,USA
AL-02374500,02374500,MURDER CREEK NEAR EVERGREEN AL,AL,31.41850006,-86.9866403,445.7151,USA
AL-02408540,02408540,HATCHET CREEK BELOW ROCKFORD AL,AL,32.91678962,-86.27025073,682.4097,USA
AL-02415000,02415000,HILLABEE CREEK NEAR HACKNEYVILLE AL,AL,33.0667867,-85.87912978,491.3829,USA
AL-02422500,02422500,MULBERRY CREEK AT JONES AL,AL,32.58291031,-86.90359911,527.5476,USA
AL-02427250,02427250,"PINE BARREN CREEK NEAR SNOW HILL, AL.",AL,31.996258,-87.068319,675.2439,USA
AL-02450250,02450250,SIPSEY FORK NEAR GRAYSON AL,AL,34.28537757,-87.39890838,231.8252,USA
AL-02464000,02464000,NORTH RIVER NEAR SAMANTHA AL,AL,33.47928058,-87.5972297,578.9448,USA
AL-02464146,02464146,TURKEY CREEK NEAR TUSCALOOSA,AL,33.41344824,-87.5105601,15.8229,USA
AL-02464360,02464360,BINION CREEK BELOW GIN CREEK NEAR SAMANTHA AL,AL,33.42483704,-87.6425091,148.6152,USA
AL-02465493,02465493,ELLIOTTS CREEK AT MOUNDVILLE AL,AL,32.99734636,-87.62222952,83.4174,USA
AL-02469800,02469800,SATILPA CREEK NEAR COFFEEVILLE AL,AL,31.74432473,-88.02250658,422.6814,USA
AL-03574500,03574500,PAINT ROCK RIVER NEAR WOODVILLE AL,AL,34.62425473,-86.30637373,813.8025,USA
AR-07056000,07056000,"Buffalo River near St. Joe, AR",AR,35.983175,-92.74755278,2149.364,USA
AR-07060710,07060710,"North Sylamore Creek near Fifty Six, AR",AR,35.99535053,-92.21265464,150.0277,USA
AR-07195800,07195800,"Flint Creek at Springtown, AR",AR,36.25548056,-94.43394167,38.2347,USA
AR-07196900,07196900,"Baron Fork at Dutch Mills, AR",AR,35.88008235,-94.48660625,106.3521,USA
AR-07261000,07261000,"Cadron Creek near Guy, AR",AR,35.2988,-92.40393056,445.8141,USA
AR-07263295,07263295,"Maumelle River at Williams Junction, AR",AR,34.876201,-92.774612,119.0277,USA
AR-07340300,07340300,"Cossatot River near Vandervoort, AR",AR,34.37955418,-94.235763,230.4347,USA
AR-07359610,07359610,"Caddo River near Caddo Gap, AR",AR,34.38278,-93.60611,342.2349,USA
AR-07362100,07362100,"SMACKOVER CREEK NEAR SMACKOVER, ARK.",AR,33.37595623,-92.77710581,996.0786,USA
AR-07362587,07362587,"Alum Fork Saline River near Reform, AR",AR,34.797591,-92.933507,69.7725,USA
AZ-09447800,09447800,"BONITA CREEK NEAR MORENCI, AZ.",AZ,32.95561778,-109.5311876,781.9614,USA
AZ-09480000,09480000,"SANTA CRUZ RIVER NEAR LOCHIEL, AZ.",AZ,31.35537817,-110.5895264,213.381,USA
AZ-09484000,09484000,"SABINO CREEK NEAR TUCSON, AZ.",AZ,32.3167422,-110.8103674,103.6521,USA
AZ-09484600,09484600,"PANTANO WASH NEAR VAIL, AZ.",AZ,32.0359141,-110.6775818,1179.589,USA
AZ-09492400,09492400,"EAST FORK WHITE RIVER NEAR FORT APACHE, AZ.",AZ,33.8222723,-109.8145413,128.9673,USA
AZ-09494000,09494000,"WHITE RIVER NEAR FORT APACHE, AZ.",AZ,33.73644059,-110.1667671,1628.228,USA
AZ-09497800,09497800,"CIBECUE CREEK NEAR CHYSOTILE, AZ.",AZ,33.84310532,-110.5576092,750.8628,USA
AZ-09497980,09497980,"CHERRY CREEK NEAR GLOBE, AZ.",AZ,33.8278262,-110.8562266,516.798,USA
AZ-09505200,09505200,"WET BEAVER CREEK NEAR RIMROCK, AZ.",AZ,34.67474409,-111.672094,285.6771,USA
AZ-09505350,09505350,"DRY BEAVER CREEK NEAR RIMROCK, AZ.",AZ,34.72863146,-111.775708,365.6619,USA
AZ-09505800,09505800,"WEST CLEAR CREEK NEAR CAMP VERDE, AZ.",AZ,34.53863606,-111.6940356,614.9414,USA
AZ-09508300,09508300,"WET BOTTOM CREEK NEAR CHILDS, AZ.",AZ,34.16086787,-111.6929235,93.0006,USA
AZ-09510200,09510200,"SYCAMORE CREEK NEAR FORT MCDOWELL, AZ.",AZ,33.69421054,-111.541802,425.3085,USA
AZ-09512280,09512280,"CAVE CREEK BLW COTTONWOOD CR NEAR CAVE CREEK, AZ.",AZ,33.88725977,-111.9540388,188.7093,USA
AZ-09513780,09513780,"NEW RIVER NEAR ROCK SPRINGS, AZ.",AZ,33.97420168,-112.0990458,177.4701,USA
AZ-09535100,09535100,"SAN SIMON WASH NEAR PISINIMO, AZ.",AZ,32.04423703,-112.3709706,1482.933,USA
BC-07EC002,07EC002,OMINECA RIVER ABOVE OSILINKA RIVER,BC,55.91685867,-124.5675812,5560,CAN
BC-07EE009,07EE009,CHUCHINKA CREEK NEAR THE MOUTH,BC,54.52972031,-122.6122208,310,CAN
BC-07FB001,07FB001,PINE RIVER AT EAST PINE,BC,55.71844101,-121.2115631,12100,CAN
BC-07FC003,07FC003,BLUEBERRY RIVER BELOW AITKEN CREEK,BC,56.67763901,-121.2223282,1770,CAN
BC-08CD001,08CD001,TUYA RIVER NEAR TELEGRAPH CREEK,BC,58.07225037,-130.8264465,3550,CAN
BC-08CG001,08CG001,ISKUT RIVER BELOW JOHNSON RIVER,BC,56.73443985,-131.6689911,9500,CAN
BC-08DA005,08DA005,SURPRISE CREEK NEAR THE MOUTH,BC,56.10934067,-129.4774017,218,CAN
BC-08ED001,08ED001,NANIKA RIVER AT OUTLET OF KIDPRICE LAKE,BC,53.93032837,-127.4516907,732,CAN
BC-08FB006,08FB006,ATNARKO RIVER NEAR THE MOUTH,BC,52.36008072,-126.0058594,2550,CAN
BC-08GA010,08GA010,CAPILANO RIVER ABOVE INTAKE,BC,49.39624023,-123.1458435,173,CAN
BC-08GA061,08GA061,MACKAY CREEK AT MONTROYAL BOULEVARD,BC,49.35615921,-123.0998611,3.630000114,CAN
BC-08HA001,08HA001,CHEMAINUS RIVER NEAR WESTHOLME,BC,48.87836075,-123.7046432,355,CAN
BC-08HA003,08HA003,KOKSILAH RIVER AT COWICHAN STATION,BC,48.72782898,-123.6708069,209,CAN
BC-08HB002,08HB002,ENGLISHMAN RIVER NEAR PARKSVILLE,BC,49.3161087,-124.2852707,319,CAN
BC-08HB008,08HB008,SPROAT RIVER NEAR ALBERNI,BC,49.28971863,-124.9102783,351,CAN
BC-08HB025,08HB025,BROWNS RIVER NEAR COURTENAY,BC,49.69282913,-125.069252,87.90000153,CAN
BC-08HF004,08HF004,TSITIKA RIVER BELOW CATHERINE CREEK,BC,50.44036102,-126.5785065,365,CAN
BC-08JB002,08JB002,STELLAKO RIVER AT GLENANNAN,BC,54.00780106,-125.0089188,3600,CAN
BC-08JE001,08JE001,STUART RIVER NEAR FORT ST. JAMES,BC,54.41685867,-124.2706223,14200,CAN
BC-08KA009,08KA009,MCKALE RIVER NEAR 940 M CONTOUR,BC,53.44406128,-120.2201385,253,CAN
BC-08LA001,08LA001,CLEARWATER RIVER NEAR CLEARWATER STATION,BC,51.65571976,-120.0660477,10300,CAN
BC-08LD001,08LD001,ADAMS RIVER NEAR SQUILAX,BC,50.93759155,-119.6563416,3210,CAN
BC-08LG016,08LG016,PENNASK CREEK NEAR QUILCHENA,BC,49.96492004,-120.1349335,87.59999847,CAN
BC-08MA002,08MA002,CHILKO RIVER AT OUTLET OF CHILKO LAKE,BC,51.62485886,-124.1433563,2130,CAN
BC-08MB006,08MB006,BIG CREEK ABOVE GROUNDHOG CREEK,BC,51.52368927,-123.1158905,1010,CAN
BC-08MG005,08MG005,LILLOOET RIVER NEAR PEMBERTON,BC,50.33602142,-122.8002472,2100,CAN
BC-08MH006,08MH006,"NORTH ALOUETTE RIVER AT 232ND STREET, MAPLE RIDGE",BC,49.24264908,-122.5801773,37.29999924,CAN
BC-08MH016,08MH016,CHILLIWACK RIVER AT OUTLET OF CHILLIWACK LAKE,BC,49.08364868,-121.4584427,335,CAN
BC-08NB005,08NB005,COLUMBIA RIVER AT DONALD,BC,51.48329926,-117.1803894,9700,CAN
BC-08NC004,08NC004,CANOE RIVER BELOW KIMMEL CREEK,BC,52.73152924,-119.3848572,305,CAN
BC-08ND013,08ND013,ILLECILLEWAET RIVER AT GREELEY,BC,51.01263046,-118.0851364,1150,CAN
BC-08NE006,08NE006,KUSKANAX CREEK NEAR NAKUSP,BC,50.28290939,-117.7344818,330,CAN
BC-08NE077,08NE077,BARNES CREEK NEAR NEEDLES,BC,49.90518188,-118.125473,204,CAN
BC-08NF001,08NF001,KOOTENAY RIVER AT KOOTENAY CROSSING,BC,50.88703156,-116.0460968,416,CAN
BC-08NH005,08NH005,KASLO RIVER BELOW KEMP CREEK,BC,49.90761948,-116.9534912,442,CAN
BC-08NH016,08NH016,DUCK CREEK NEAR WYNNDEL,BC,49.20262909,-116.5339127,57,CAN
BC-08NH084,08NH084,ARROW CREEK NEAR ERICKSON,BC,49.15911865,-116.4524918,78.30000305,CAN
BC-08NH130,08NH130,FRY CREEK BELOW CARNEY CREEK,BC,50.08200073,-116.7848587,585,CAN
BC-08NH131,08NH131,CARNEY CREEK BELOW PAMBRUN CREEK,BC,50.15832901,-116.5752792,119,CAN
BC-08NJ130,08NJ130,ANDERSON CREEK NEAR NELSON,BC,49.50194931,-117.2612762,9.069999695,CAN
BC-08NL007,08NL007,SIMILKAMEEN RIVER AT PRINCETON,BC,49.45970154,-120.5035324,1810,CAN
BC-08NL070,08NL070,SIMILKAMEEN RIVER ABOVE GOODFELLOW CREEK,BC,49.09410095,-120.6725464,408,CAN
BC-08NM174,08NM174,WHITEMAN CREEK ABOVE BOULEAU CREEK,BC,50.21221924,-119.5386124,114,CAN
BC-08NN015,08NN015,WEST KETTLE RIVER NEAR MCCULLOCH,BC,49.70291901,-119.0924683,233,CAN
BC-08OA002,08OA002,YAKOUN RIVER NEAR PORT CLEMENTS,BC,53.6138916,-132.2097168,480,CAN
BC-09AA001,09AA001,ATLIN LAKE AT ATLIN,BC,59.57252884,-133.7054749,,CAN
BC-09AA006,09AA006,ATLIN RIVER NEAR ATLIN,BC,59.5953598,-133.8144226,6860,CAN
BC-09AE003,09AE003,SWIFT RIVER NEAR SWIFT RIVER,BC,59.93082809,-131.7686157,3390,CAN
BC-10BE004,10BE004,TOAD RIVER ABOVE NONDA CREEK,BC,58.85496902,-125.3826065,2540,CAN
BC-10BE007,10BE007,TROUT RIVER AT KILOMETRE 783.7 ALASKA HIGHWAY,BC,59.33597183,-125.9402466,1170,CAN
BC-10CB001,10CB001,SIKANNI CHIEF RIVER NEAR FORT NELSON,BC,57.23822021,-122.6914673,2180,CAN
BC-10CD001,10CD001,MUSKWA RIVER NEAR FORT NELSON,BC,58.78810883,-122.6616364,20300,CAN
CA-09423350,09423350,CARUTHERS C NR IVANPAH CA,CA,35.244989,-115.298876,2.2428,USA
CA-10258000,10258000,TAHQUITZ C NR PALM SPRINGS CA,CA,33.80501929,-116.5591816,43.6914,USA
CA-10258500,10258500,PALM CYN C NR PALM SPRINGS CA,CA,33.74502178,-116.5355709,241.5123,USA
CA-10259000,10259000,ANDREAS C NR PALM SPRINGS CA,CA,33.76002112,-116.5500155,22.4568,USA
CA-10259200,10259200,DEEP C NR PALM DESERT CA,CA,33.63113647,-116.3922342,79.1235,USA
CA-10263500,10263500,BIG ROCK C NR VALYERMO CA,CA,34.42083115,-117.8395072,59.4639,USA
CA-10308200,10308200,E F CARSON R BL MARKLEEVILLE C NR MARKLEEVILLECA,CA,38.71462743,-119.7648985,716.4228,USA
CA-10336645,10336645,GENERAL C NR MEEKS BAY CA,CA,39.05185197,-120.1185209,19.5984,USA
CA-10336660,10336660,BLACKWOOD C NR TAHOE CITY CA,CA,39.10740708,-120.1621352,29.7963,USA
CA-10336676,10336676,WARD C AT HWY 89 NR TAHOE PINES CA,CA,39.13212922,-120.1576913,24.7167,USA
CA-10343500,10343500,SAGEHEN C NR TRUCKEE CA,CA,39.43157246,-120.2379793,27.6027,USA
CA-11015000,11015000,SWEETWATER R NR DESCANSO CA,CA,32.83477372,-116.6230747,117.7605,USA
CA-11098000,11098000,ARROYO SECO NR PASADENA CA,CA,34.22222629,-118.1775727,41.5665,USA
CA-11124500,11124500,SANTA CRUZ C NR SANTA YNEZ CA,CA,34.59665633,-119.9087519,191.5227,USA
CA-11141280,11141280,LOPEZ C NR ARROYO GRANDE CA,CA,35.23553035,-120.4723857,54.0072,USA
CA-11143000,11143000,BIG SUR R NR BIG SUR CA,CA,36.24579648,-121.7732872,120.6126,USA
CA-11148900,11148900,NACIMIENTO R BL SAPAQUE C NR BRYSON CA,CA,35.78857918,-121.0938048,403.4547,USA
CA-11151300,11151300,SAN LORENZO C BL BITTERWATER C NR KING CITY CA,CA,36.26802087,-121.066303,608.2281,USA
CA-11162500,11162500,PESCADERO C NR PESCADERO CA,CA,37.26077707,-122.3288603,118.8711,USA
CA-11176400,11176400,ARROYO VALLE BL LANG CN NR LIVERMORE CA,CA,37.56132196,-121.6838389,338.5611,USA
CA-11180500,11180500,DRY C A UNION CITY CA,CA,37.6060452,-122.0238504,24.3189,USA
CA-11180960,11180960,CULL C AB CULL C RES NR CASTRO VALLEY CA,CA,37.71770737,-122.0544067,15.0624,USA
CA-11224500,11224500,LOS GATOS C AB NUNEZ CYN NR COALINGA CA,CA,36.21467719,-120.4707116,247.4352,USA
CA-11230500,11230500,BEAR C NR LAKE THOMAS A EDISON CA,CA,37.33938634,-118.9734513,135.5301,USA
CA-11237500,11237500,PITMAN C BL TAMARACK C CA,CA,37.19855659,-119.2137328,59.8239,USA
CA-11253310,11253310,CANTUA C NR CANTUA CREEK CA,CA,36.40217399,-120.4334917,120.4371,USA
CA-11264500,11264500,MERCED R A HAPPY ISLES BRIDGE NR YOSEMITE CA,CA,37.73159272,-119.5587736,467.9761,USA
CA-11266500,11266500,MERCED R A POHONO BRIDGE NR YOSEMITE CA,CA,37.71687138,-119.6662788,833.0817,USA
CA-11274500,11274500,ORESTIMBA C NR NEWMAN CA,CA,37.31549247,-121.1252081,347.7503,USA
CA-11274630,11274630,DEL PUERTO C NR PATTERSON CA,CA,37.48659935,-121.2091026,187.4375,USA
CA-11284400,11284400,BIG C AB WHITES GULCH NR GROVELAND CA,CA,37.84187143,-120.1849103,41.7168,USA
CA-11299600,11299600,BLACK C NR COPPEROPOLIS CA,CA,37.96103615,-120.6152035,37.3239,USA
CA-11315000,11315000,COLE C NR SALT SPRINGS DAM CA,CA,38.51907831,-120.2126928,54.0108,USA
CA-11381500,11381500,MILL C NR LOS MOLINOS CA,CA,40.05460222,-122.0241542,337.6305,USA
CA-11383500,11383500,DEER C NR VINA CA,CA,40.01404745,-121.9483181,539.7753,USA
CA-11427700,11427700,DUNCAN CYN C NR FRENCH MEADOWS CA,CA,39.1357376,-120.4785353,25.5231,USA
CA-11451100,11451100,NF CACHE C A HOUGH SPRING NR CLEARLAKE OAKS CA,CA,39.16544583,-122.6199862,155.0943,USA
CA-11468500,11468500,NOYO R NR FORT BRAGG CA,CA,39.42822378,-123.7377917,273.5145,USA
CA-11473900,11473900,MF EEL R NR DOS RIOS CA,CA,39.70626687,-123.3252913,1925.013,USA
CA-11475560,11475560,ELDER C NR BRANSCOMB CA,CA,39.72959972,-123.6439073,16.794,USA
CA-11476600,11476600,BULL C NR WEOTT CA,CA,40.35125028,-124.0039312,71.8452,USA
CA-11478500,11478500,VAN DUZEN R NR BRIDGEVILLE CA,CA,40.48041636,-123.8908761,572.3766,USA
CA-11480390,11480390,MAD R AB RUTH RES NR FOREST GLEN CA,CA,40.28431329,-123.3353034,242.5977,USA
CA-11481200,11481200,LITTLE R NR TRINIDAD CA,CA,41.01095903,-124.0817333,105.4035,USA
CA-11482500,11482500,REDWOOD C A ORICK CA,CA,41.2992896,-124.0511825,718.0398,USA
CA-11522500,11522500,SALMON R A SOMES BAR CA,CA,41.37762652,-123.4775582,1943.12,USA
CA-11523200,11523200,TRINITY R AB COFFEE C NR TRINITY CTR CA,CA,41.1112571,-122.7055788,382.9356,USA
CA-11528700,11528700,SF TRINITY R BL HYAMPOM CA,CA,40.64986273,-123.4942046,1980.083,USA
CA-11532500,11532500,SMITH R NR CRESCENT CITY CA,CA,41.79150263,-124.0761887,1577.962,USA
CO-06614800,06614800,"MICHIGAN RIVER NEAR CAMERON PASS, CO.",CO,40.49609409,-105.865012,4.0284,USA
CO-06746095,06746095,"JOE WRIGHT CREEK ABOVE JOE WRIGHT RESERVOIR, CO.",CO,40.53998222,-105.88279,8.9046,USA
CO-07083000,07083000,"HALFMOON CREEK NEAR MALTA, CO.",CO,39.17221259,-106.3891926,60.76139,USA
CO-07105945,07105945,"ROCK CREEK ABOVE FORT CARSON RESERVATION, CO.",CO,38.70749302,-104.8466403,17.4771,USA
CO-09034900,09034900,"BOBTAIL CREEK NEAR JONES PASS, CO.",CO,39.76026447,-105.9064014,15.6492,USA
CO-09035800,09035800,"DARLING CREEK NEAR LEAL, CO.",CO,39.80054181,-106.0264066,22.9437,USA
CO-09035900,09035900,"SOUTH FORK OF WILLIAMS FORK NEAR LEAL, CO.",CO,39.79581958,-106.0305734,72.8421,USA
CO-09047700,09047700,"KEYSTONE GULCH NEAR DILLON, CO.",CO,39.59443117,-105.9725158,23.5701,USA
CO-09065500,09065500,"GORE CREEK AT UPPER STATION, NEAR MINTURN, CO.",CO,39.6258193,-106.2780823,37.7757,USA
CO-09066000,09066000,"BLACK GORE CREEK NEAR MINTURN, CO.",CO,39.59637495,-106.2650264,32.4099,USA
CO-09066200,09066200,"BOOTH CREEK NEAR MINTURN, CO.",CO,39.64831927,-106.3230833,16.0965,USA
CO-09066300,09066300,"MIDDLE CREEK NEAR MINTURN, CO.",CO,39.64581933,-106.3822512,15.5223,USA
CO-09081600,09081600,"CRYSTAL RIVER AB AVALANCHE C, NEAR REDSTONE, CO.",CO,39.23220666,-107.2272726,432.8928,USA
CO-09107000,09107000,"TAYLOR RIVER AT TAYLOR PARK, CO.",CO,38.86027127,-106.5666966,331.6194,USA
CO-09306242,09306242,"CORRAL GULCH NEAR RANGELY, CO.",CO,39.92025021,-108.4728719,81.9855,USA
CO-09352900,09352900,"VALLECITO CREEK NEAR BAYFIELD, CO.",CO,37.47750126,-107.5436688,188.1514,USA
CT-01118300,01118300,"PENDLETON HILL BROOK NEAR CLARKS FALLS, CT.",CT,41.47482139,-71.8342372,10.3644,USA
CT-01121000,01121000,"MOUNT HOPE RIVER NEAR WARRENVILLE, CT.",CT,41.84370889,-72.1689661,70.25372,USA
CT-01123000,01123000,"LITTLE RIVER NEAR HANOVER, CT.",CT,41.671765,-72.052298,77.85271,USA
CT-01195100,01195100,"INDIAN RIVER NEAR CLINTON, CT.",CT,41.3059325,-72.53120139,14.8383,USA
CT-01208990,01208990,"SAUGATUCK RIVER NEAR REDDING, CT.",CT,41.29454,-73.39512028,53.77249,USA
DE-01484100,01484100,"BEAVERDAM BRANCH AT HOUSTON, DE",DE,38.90577778,-75.51275,9.004751,USA
DE-01487000,01487000,"NANTICOKE RIVER NEAR BRIDGEVILLE, DE",DE,38.72833333,-75.56186111,187.4102,USA
FL-02231000,02231000,"ST. MARYS RIVER NR MACCLENNY, FLA.",FL,30.35884726,-82.08150134,1748.368,USA
FL-02231342,02231342,"FT DRUM CREEK AT SUNSHINE ST PKY NEAR FT DRUM, FL",FL,27.5686473,-80.7961709,111.5622,USA
FL-02235200,02235200,"BLACKWATER CREEK NEAR CASSIA, FL",FL,28.87453056,-81.48938333,297.6956,USA
FL-02236500,02236500,"BIG CREEK NEAR CLERMONT, FL",FL,28.44778229,-81.74007599,146.8755,USA
FL-02245500,02245500,"SOUTH FORK BLACK CREEK NR PENNEY FARMS, FLA.",FL,29.97940752,-81.85204256,348.4345,USA
FL-02246000,02246000,"NORTH FORK BLACK CREEK NR MIDDLEBURG, FLA.",FL,30.11329532,-81.9064915,451.0611,USA
FL-02296500,02296500,CHARLIE CREEK NEAR GARDNER FL,FL,27.37504297,-81.79647082,886.3965,USA
FL-02297155,02297155,HORSE CREEK NEAR MYAKKA HEAD FL,FL,27.48726132,-82.02341972,93.6036,USA
FL-02297310,02297310,HORSE CREEK NEAR ARCADIA FL,FL,27.19949477,-81.98841931,528.3765,USA
FL-02298123,02298123,PRAIRIE CREEK NEAR FORT OGDEN FL,FL,27.05199986,-81.78452667,540.6534,USA
FL-02298608,02298608,MYAKKA RIVER AT MYAKKA CITY FL,FL,27.34365621,-82.15675562,312.3423,USA
FL-02299950,02299950,MANATEE RIVER NEAR MYAKKA HEAD FL,FL,27.47365137,-82.21120106,174.2715,USA
FL-02300700,02300700,BULLFROG CREEK NEAR WIMAUMA FL,FL,27.79197208,-82.35203685,73.84104,USA
FL-02310947,02310947,"WITHLACOOCHEE RIVER NEAR CUMPRESSCO, FLA.",FL,28.31195156,-82.05591468,649.5634,USA
FL-02312200,02312200,"LITTLE WITHLACOOCHEE RIVER AT RERDELL, FLA.",FL,28.57277286,-82.15536307,413.4789,USA
FL-02315500,02315500,"SUWANNEE RIVER AT WHITE SPRINGS, FLA.",FL,30.32578122,-82.73818263,6136.255,USA
FL-02324000,02324000,"STEINHATCHEE RIVER NEAR CROSS CITY, FLA.",FL,29.78661294,-83.32152625,791.0239,USA
FL-02324400,02324400,"FENHOLLOWAY RIVER NEAR FOLEY, FLA.",FL,30.09827057,-83.47181116,176.2654,USA
FL-02327100,02327100,"SOPCHOPPY RIVER NR SOPCHOPPY, FLA.",FL,30.12936856,-84.49434823,271.1182,USA
GA-02177000,02177000,"CHATTOOGA RIVER NEAR CLAYTON, GA",GA,34.81398141,-83.30599301,526.7736,USA
GA-02178400,02178400,"TALLULAH RIVER NEAR CLAYTON, GA",GA,34.89037075,-83.53044102,151.2753,USA
GA-02193340,02193340,"KETTLE CREEK NEAR WASHINGTON, GA",GA,33.68262815,-82.857923,87.8733,USA
GA-02198100,02198100,"BEAVERDAM CREEK NEAR SARDIS, GA",GA,32.93765809,-81.8153916,79.49071,USA
GA-02202600,02202600,"BLACK CREEK NEAR BLITCHTON, GA",GA,32.16798033,-81.48816698,590.472,USA
GA-02212600,02212600,"FALLING CREEK NEAR JULIETTE, GA",GA,33.0998535,-83.72351041,187.9614,USA
GA-02215100,02215100,"TUCSAWHATCHEE CREEK NEAR HAWKINSVILLE, GA",GA,32.23944444,-83.50166667,420.2923,USA
GA-02216180,02216180,"TURNPIKE CREEK NEAR MCRAE, GA",GA,31.99138889,-82.92194444,129.111,USA
GA-02221525,02221525,"MURDER CREEK BELOW EATONTON, GA",GA,33.25235506,-83.48127624,490.7976,USA
GA-02314500,02314500,"SUWANNEE RIVER AT US 441, AT FARGO, GA",GA,30.68055556,-82.56055556,3322.154,USA
GA-02349900,02349900,"TURKEY CREEK AT BYROMVILLE, GA",GA,32.19555556,-83.90222222,122.8673,USA
GA-02350900,02350900,"KINCHAFOONEE CREEK NEAR DAWSON, GA",GA,31.76444444,-84.25333333,1365.12,USA
GA-02381600,02381600,"FAUSETT CREEK NEAR TALKING ROCK, GA",GA,34.57036618,-84.46881552,10.3248,USA
GA-02384540,02384540,"MILL CREEK NEAR CRANDALL, GA",GA,34.87202382,-84.72132621,21.3714,USA
GA-02395120,02395120,"TWO RUN CREEK NEAR KINGSTON, GA",GA,34.24277778,-84.88972222,84.0105,USA
IA-05412500,05412500,"Turkey River at Garber, IA",IA,42.73998843,-91.26179908,3858.214,USA
IA-05454000,05454000,"Rapid Creek near Iowa City, IA",IA,41.70001652,-91.48766843,65.3814,USA
IA-05458000,05458000,"Little Cedar River near Ionia, IA",IA,43.03328014,-92.50354351,776.7648,USA
IA-05487980,05487980,"White Breast Creek near Dallas, IA",IA,41.24688494,-93.26606966,882.7254,USA
IA-05488200,05488200,"English Creek near Knoxville, IA",IA,41.30055336,-93.04548051,234.2088,USA
IA-05489000,05489000,"Cedar Creek near Bussey, IA",IA,41.21900212,-92.90853319,964.7559,USA
IA-06903400,06903400,"Chariton River near Chariton, IA",IA,40.95189005,-93.25984769,481.4154,USA
ID-12411000,12411000,NF COEUR D ALENE R AB SHOSHONE CK NR PRICHARD ID,ID,47.70611111,-115.9791667,867.4833,USA
ID-12413000,12413000,NF COEUR D ALENE RIVER AT ENAVILLE ID,ID,47.56888889,-116.2533333,2325.166,USA
ID-12414500,12414500,ST JOE RIVER AT CALDER ID,ID,47.27464004,-116.1890492,2678.972,USA
ID-13083000,13083000,TRAPPER CREEK NR OAKLEY ID,ID,42.16583333,-113.9836111,133.1838,USA
ID-13185000,13185000,BOISE RIVER NR TWIN SPRINGS ID,ID,43.65944444,-115.7272222,2154.389,USA
ID-13235000,13235000,SF PAYETTE RIVER AT LOWMAN ID,ID,44.08527778,-115.6222222,1163.229,USA
ID-13240000,13240000,LAKE FORK PAYETTE RIVER AB JUMBO CR NR MCCALL ID,ID,44.91361111,-115.9972222,125.5698,USA
ID-13310700,13310700,SF SALMON RIVER NR KRASSEL RANGER STATION ID,ID,44.9869444,-115.725,853.1325,USA
ID-13313000,13313000,JOHNSON CREEK AT YELLOW PINE ID,ID,44.96166667,-115.5,561.9358,USA
ID-13337000,13337000,LOCHSA RIVER NR LOWELL ID,ID,46.15083333,-115.5872222,3053.417,USA
ID-13338500,13338500,SF CLEARWATER RIVER AT STITES ID,ID,46.08638889,-115.9766667,3027.002,USA
ID-13340000,13340000,CLEARWATER RIVER AT OROFINO ID,ID,46.47833333,-116.2575,14268.92,USA
ID-13340600,13340600,NF CLEARWATER RIVER NR CANYON RANGER STATION ID,ID,46.84046563,-115.6207033,3354.622,USA
IL-03338780,03338780,"NORTH FORK VERMILION RIVER NEAR BISMARCK, IL",IL,40.265314,-87.642799,691.5555,USA
IL-03346000,03346000,"NORTH FORK EMBARRAS RIVER NEAR OBLONG, IL",IL,39.01004218,-87.9455882,814.6935,USA
IL-03384450,03384450,"LUSK CREEK NEAR EDDYVILLE, IL",IL,37.4722725,-88.54726928,111.1266,USA
IL-05444000,05444000,"ELKHORN CREEK NEAR PENROSE, IL",IL,41.90280739,-89.69622298,376.3512,USA
IL-05466500,05466500,"EDWARDS RIVER NEAR NEW BOSTON, IL",IL,41.18697738,-90.96736632,1151.567,USA
IL-05495500,05495500,"BEAR CREEK NEAR MARCELLINE, IL",IL,40.14282371,-91.33737008,905.5557,USA
IL-05525500,05525500,"SUGAR CREEK AT MILFORD, IL",IL,40.6300362,-87.72391809,1158.759,USA
IL-05556500,05556500,"BIG BUREAU CREEK AT PRINCETON, IL",IL,41.36586984,-89.49842655,505.0946,USA
IL-05584500,05584500,"LA MOINE RIVER AT COLMAR, IL",IL,40.33032166,-90.89624511,1695.671,USA
IL-05585000,05585000,"LA MOINE RIVER AT RIPLEY, IL",IL,40.02477041,-90.63179466,3354.608,USA
IL-05591550,05591550,"WHITLEY CREEK NEAR ALLENVILLE, IL",IL,39.50670031,-88.52755468,96.20551,USA
IL-05592050,05592050,"ROBINSON CREEK NEAR SHELBYVILLE, IL",IL,39.40587344,-88.89646283,254.1213,USA
IL-05592575,05592575,"HICKORY CREEK NEAR BROWNSTOWN, IL",IL,38.93699,-88.952838,115.2504,USA
IL-05593575,05593575,"LITTLE CROOKED CREEK NEAR NEW MINDEN, IL",IL,38.44171643,-89.41675104,217.6731,USA
IL-05593900,05593900,"EAST FORK SHOAL CREEK NEAR COFFEEN, IL",IL,39.14893485,-89.35230484,145.4472,USA
IL-05595730,05595730,"RAYSE CREEK NEAR WALTONVILLE, IL",IL,38.25393889,-89.03979328,236.7603,USA
IN-03291780,03291780,"INDIAN-KENTUCK CREEK NR CANAAN, IND.",IN,38.8781136,-85.25717882,71.4105,USA
IN-03340800,03340800,BIG RACCOON CREEK NEAR FINCASTLE IND,IN,39.81254461,-86.95389884,357.6537,USA
IN-03357350,03357350,"PLUM CREEK NEAR BAINBRIDGE, IND.",IN,39.76171297,-86.72945046,7.7535,USA
IN-03364500,03364500,"CLIFTY CREEK AT HARTSVILLE, IN",IN,39.27477321,-85.70164687,237.0879,USA
IN-03366500,03366500,"MUSCATATUCK RIVER NEAR DEPUTY, IN",IN,38.80422346,-85.67385502,755.2151,USA
IN-03368000,03368000,"BRUSH CREEK NEAR NEBRASKA, IN",IN,39.07033129,-85.48607656,29.7216,USA
KS-06814000,06814000,"TURKEY C NR SENECA, KS",KS,39.94777732,-96.10861492,713.826,USA
KS-06846500,06846500,"BEAVER C AT CEDAR BLUFFS, KS",KS,39.98500557,-100.560148,4357.758,USA
KS-06847900,06847900,"PRAIRIE DOG C AB KEITH SEBELIUS LAKE, KS",KS,39.76984922,-100.1007792,1536.188,USA
KS-06853800,06853800,"WHITE ROCK C NR BURR OAK, KS",KS,39.89924944,-98.25042485,589.4253,USA
KS-06876700,06876700,"SALT C NR ADA, KS",KS,39.13906876,-97.83695994,1056.442,USA
KS-06878000,06878000,"CHAPMAN C NR CHAPMAN, KS",KS,39.031109,-97.0402922,776.4183,USA
KS-06879650,06879650,"KINGS C NR MANHATTAN, KS",KS,39.10194797,-96.59521413,11.5065,USA
KS-06885500,06885500,"BLACK VERMILLION R NR FRANKFORT, KS",KS,39.68192405,-96.44289431,1062.869,USA
KS-06888500,06888500,"MILL C NR PAXICO, KS",KS,39.06265453,-96.15025179,842.346,USA
KS-06889200,06889200,"SOLDIER C NR DELIA, KS",KS,39.23833024,-95.88859924,385.6599,USA
KS-06889500,06889500,"SOLDIER C NR TOPEKA, KS",KS,39.09938003,-95.72495226,748.5822,USA
KS-06892000,06892000,"STRANGER C NR TONGANOXIE, KS",KS,39.11632734,-95.01088111,1092.723,USA
KS-06910800,06910800,"MARAIS DES CYGNES R NR READING, KS",KS,38.56700524,-95.96163206,444.5973,USA
KS-06911900,06911900,"DRAGOON C NR BURLINGAME, KS",KS,38.71069034,-95.8360288,293.0553,USA
KS-06917000,06917000,"L OSAGE R AT FULTON, KS",KS,38.01896828,-94.71366829,765.7839,USA
KS-07142300,07142300,"RATTLESNAKE C NR MACKSVILLE, KS",KS,37.87159374,-98.8761373,1819.941,USA
KS-07144780,07144780,"NF NINNESCAH R AB CHENEY RE, KS",KS,37.86260737,-98.01385325,2078.906,USA
KS-07145700,07145700,"SLATE C AT WELLINGTON, KS",KS,37.2495504,-97.40389581,399.8106,USA
KS-07149000,07149000,"MEDICINE LODGE R NR KIOWA, KS",KS,37.03920157,-98.47021478,2291.199,USA
KS-07151500,07151500,"CHIKASKIA R NR CORBIN, KS",KS,37.12891226,-97.60143889,2108.996,USA
KS-07167500,07167500,"OTTER C AT CLIMAX, KS",KS,37.70820958,-96.22360237,319.6179,USA
KS-07180500,07180500,"CEDAR C NR CEDAR POINT, KS",KS,38.19645062,-96.82457873,275.5053,USA
KS-07184000,07184000,"LIGHTNING C NR MCCUNE, KS",KS,37.28125445,-95.03266782,510.8391,USA
KY-03213700,03213700,"TUG FORK AT WILLIAMSON, WV",KY,37.67315699,-82.28014077,2425.06,USA
KY-03280700,03280700,"CUTSHIN CREEK AT WOOTON, KY",KY,37.16509314,-83.30795645,158.2227,USA
KY-03281100,03281100,"GOOSE CREEK AT MANCHESTER, KY",KY,37.15203405,-83.7601974,422.7237,USA
KY-03281500,03281500,"SOUTH FORK KENTUCKY RIVER AT BOONEVILLE, KY",KY,37.47981018,-83.67519226,1838.22,USA
KY-03285000,03285000,"DIX RIVER NEAR DANVILLE, KY",KY,37.64202341,-84.66077678,822.3408,USA
KY-03300400,03300400,"BEECH FORK AT MAUD, KY",KY,37.83283985,-85.29606856,1128.578,USA
LA-07373000,07373000,"Big Creek at Pollock, LA",LA,31.5362873,-92.40847139,131.1775,USA
LA-07375000,07375000,"Tchefuncta River near Folsom, LA",LA,30.61602231,-90.24869545,249.3477,USA
LA-07376000,07376000,"Tickfaw River at Holden, LA",LA,30.50380161,-90.67731629,651.6053,USA
LA-07377000,07377000,"Amite River near Darlington, LA",LA,30.88906941,-90.84454541,1525.312,USA
LA-08013000,08013000,"CALCASIEU RIVER NR GLENMORA, LA",LA,30.99602322,-92.67375497,1293.693,USA
LA-08014500,08014500,"Whiskey Chitto Creek Near Oberlin, LA",LA,30.69875,-92.89319444,1305.147,USA
LA-08023080,08023080,"Bayou Grand Cane near Stanley, LA",LA,31.97933309,-93.9340773,187.6086,USA
LA-08025500,08025500,"Bayou Toro near Toro, LA",LA,31.30712737,-93.51572947,383.0247,USA
MA-01162500,01162500,"PRIEST BROOK NEAR WINCHENDON, MA",MA,42.6825859,-72.1150812,49.70559,USA
MA-01169000,01169000,"NORTH RIVER AT SHATTUCKVILLE, MA",MA,42.63841778,-72.7250922,230.6412,USA
MA-01170100,01170100,"GREEN RIVER NEAR COLRAIN, MA",MA,42.70341694,-72.6706475,106.9924,USA
MA-01181000,01181000,"WEST BRANCH WESTFIELD RIVER AT HUNTINGTON, MA",MA,42.23731167,-72.8956542,243.495,USA
MA-01187300,01187300,"HUBBARD RIVER NR. WEST HARTLAND, CT.",MA,42.03731639,-72.9389911,53.919,USA
MA-01333000,01333000,"GREEN RIVER AT WILLIAMSTOWN, MA",MA,42.70896944,-73.196773,112.1643,USA
MB-04AD002,04AD002,GODS RIVER NEAR SHAMATTAWA,MB,55.85036087,-92.09485626,65000,CAN
MB-05LD001,05LD001,OVERFLOWING RIVER AT OVERFLOWING RIVER,MB,53.14294052,-101.1025009,3350,CAN
MB-05LG004,05LG004,NORTH DUCK RIVER AT COWAN,MB,52.03133011,-100.650032,228,CAN
MB-05LH005,05LH005,WATERHEN RIVER NEAR WATERHEN,MB,51.8484993,-99.5461731,55100,CAN
MB-05LJ005,05LJ005,OCHRE RIVER AT OCHRE RIVER,MB,51.05128098,-99.78842163,348,CAN
MB-05LJ019,05LJ019,MINK CREEK NEAR ETHELBERT,MB,51.41386032,-100.3535004,135,CAN
MB-05LL027,05LL027,PELICAN CREEK SOUTH TRIBUTARY NEAR BIRNIE,MB,50.47692871,-99.47727966,9.199999809,CAN
MB-05MG004,05MG004,OAK RIVER NEAR RIVERS,MB,50.02577972,-100.3942719,1170,CAN
MB-05NF002,05NF002,ANTLER RIVER NEAR MELITA,MB,49.05738831,-101.0492783,3220,CAN
MB-05OF014,05OF014,SHANNON CREEK NEAR MORRIS,MB,49.35483932,-97.42247009,617,CAN
MB-05OF017,05OF017,SOUTH TOBACCO CREEK NEAR MIAMI,MB,49.37932968,-98.24971771,76.40000153,CAN
MB-05SA002,05SA002,BROKENHEAD RIVER NEAR BEAUSEJOUR,MB,50.0901413,-96.42832947,1580,CAN
MB-05TD001,05TD001,GRASS RIVER ABOVE STANDING STONE FALLS,MB,55.74061966,-97.00517273,15400,CAN
MB-05TG002,05TG002,TAYLOR RIVER NEAR THOMPSON,MB,55.48984909,-98.19207764,886,CAN
MB-05UH002,05UH002,WEIR RIVER ABOVE THE MOUTH,MB,57.02305984,-93.45305634,2190,CAN
MB-06FB002,06FB002,LITTLE BEAVER RIVER NEAR THE MOUTH,MB,57.65327835,-95.66385651,4270,CAN
MB-06GD001,06GD001,SEAL RIVER BELOW GREAT ISLAND,MB,58.89128876,-96.27668762,48100,CAN
MD-01485500,01485500,"NASSAWANGO CREEK NEAR SNOW HILL, MD",MD,38.22891667,-75.47144444,141.5394,USA
MD-01486000,01486000,"MANOKIN BRANCH NEAR PRINCESS ANNE, MD",MD,38.21388889,-75.67138889,11.1807,USA
MD-01491000,01491000,"CHOPTANK RIVER NEAR GREENSBORO, MD",MD,38.99719444,-75.78580556,292.0401,USA
MD-01580000,01580000,"DEER CREEK AT ROCKS, MD",MD,39.62997222,-76.40330556,244.3698,USA
MD-01583500,01583500,"WESTERN RUN AT WESTERN RUN, MD",MD,39.51077778,-76.6765,155.8494,USA
MD-01586610,01586610,"MORGAN RUN NEAR LOUISVILLE, MD",MD,39.45188889,-76.95530556,72.7047,USA
MD-01591400,01591400,"CATTAIL CREEK NEAR GLENWOOD, MD",MD,39.25597222,-77.05105556,59.094,USA
MD-01594950,01594950,"MCMILLAN F NEAR FORT PENDLETON, MD",MD,39.27669,-79.39031,6.1182,USA
MD-01596500,01596500,"SAVAGE RIVER NEAR BARTON, MD",MD,39.57005556,-79.10194444,124.6505,USA
MD-01639500,01639500,"BIG PIPE CREEK AT BRUCEVILLE, MD",MD,39.61236111,-77.23744444,267.1785,USA
MD-03076600,03076600,"BEAR CREEK AT FRIENDSVILLE, MD",MD,39.65613889,-79.39411111,127.3991,USA
MD-03078000,03078000,"CASSELMAN RIVER AT GRANTSVILLE, MD",MD,39.70219444,-79.13638889,161.4825,USA
ME-01013500,01013500,"Fish River near Fort Kent, Maine",ME,47.23739444,-68.58264167,2252.696,USA
ME-01022500,01022500,"Narraguagus River at Cherryfield, Maine",ME,44.60797222,-67.93524167,573.6006,USA
ME-01030500,01030500,"Mattawamkeag River near Mattawamkeag, Maine",ME,45.500975,-68.30595556,3676.172,USA
ME-01031500,01031500,"Piscataquis River near Dover-Foxcroft, Maine",ME,45.17500833,-69.31469722,769.0482,USA
ME-01047000,01047000,"Carrabassett River near North Anson, Maine",ME,44.8692,-69.95510278,909.0972,USA
ME-01054200,01054200,"Wild River at Gilead, Maine",ME,44.39044444,-70.97964444,180.981,USA
ME-01055000,01055000,"Swift River near Roxbury, Maine",ME,44.64274722,-70.58878333,250.641,USA
ME-01057000,01057000,"Little Androscoggin River near South Paris, Maine",ME,44.30399167,-70.53968056,190.9188,USA
ME-01AD002,01AD002,SAINT JOHN RIVER AT FORT KENT,ME,47.25806046,-68.59583282,14700,CAN
MI-04040500,04040500,"STURGEON RIVER NEAR SIDNAW, MI",MI,46.58410589,-88.57596973,419.8266,USA
MI-04043050,04043050,"TRAP ROCK RIVER NEAR LAKE LINDEN, MI",MI,47.22853637,-88.38539282,76.6224,USA
MI-04045500,04045500,"TAHQUAMENON RIVER NEAR PARADISE, MI",MI,46.57501478,-85.26955476,1909.592,USA
MI-04056500,04056500,"MANISTIQUE RIVER NEAR MANISTIQUE, MI",MI,46.03052857,-86.16124902,2945.888,USA
MI-04057510,04057510,"STURGEON RIVER NEAR NAHMA JUNCTION, MI",MI,45.94302355,-86.70569966,473.5728,USA
MI-04057800,04057800,"MIDDLE BRANCH ESCANABA RIVER AT HUMBOLDT, MI",MI,46.49910267,-87.88652383,115.8705,USA
MI-04059500,04059500,"FORD RIVER NEAR HYDE, MI",MI,45.75552297,-87.2015238,1184.366,USA
MI-04105700,04105700,"AUGUSTA CREEK NEAR AUGUSTA, MI",MI,42.35337341,-85.35388936,98.0415,USA
MI-04115265,04115265,"FISH CREEK NEAR CRYSTAL, MI",MI,43.2497545,-84.9811245,95.77711,USA
MI-04122200,04122200,"WHITE RIVER NEAR WHITEHALL, MI",MI,43.46417856,-86.23256675,1048.284,USA
MI-04122500,04122500,"PERE MARQUETTE RIVER AT SCOTTVILLE, MI",MI,43.94500632,-86.2786896,1769.188,USA
MI-04124000,04124000,"MANISTEE RIVER NEAR SHERMAN, MI",MI,44.43639239,-85.69867924,2243.628,USA
MI-04127918,04127918,"PINE RIVER NEAR RUDYARD, MI",MI,46.18585053,-84.59782625,548.2863,USA
MI-04127997,04127997,"STURGEON RIVER AT WOLVERINE, MI",MI,45.27445746,-84.60003148,487.1601,USA
MI-04161580,04161580,"STONY CREEK NEAR ROMEO, MI",MI,42.8008637,-83.0902121,64.3104,USA
MN-02AA001,02AA001,PIGEON RIVER AT MIDDLE FALLS,MN,48.01221848,-89.61611176,1550,CAN
MN-04015330,04015330,"KNIFE RIVER NEAR TWO HARBORS, MN",MN,46.94688005,-91.79240133,224.3547,USA
MN-05062500,05062500,"WILD RICE RIVER AT TWIN VALLEY, MN",MN,47.26662917,-96.24478028,2407.047,USA
MN-05087500,05087500,"MIDDLE RIVER AT ARGYLE, MN",MN,48.34108857,-96.81811688,600.8184,USA
MN-05129115,05129115,"VERMILION RIVER NR CRANE LAKE, MN",MN,48.26462833,-92.56599361,2357.585,USA
MN-05131500,05131500,"LITTLE FORK RIVER AT LITTLEFORK, MN",MN,48.39577639,-93.54932667,4383.507,USA
MO-05495000,05495000,"Fox River at Wayland, MO",MO,40.39240833,-91.597875,1027.552,USA
MO-05501000,05501000,"North River at Palmyra, MO",MO,39.81799167,-91.5177,922.8276,USA
MO-05503800,05503800,"Crooked Creek near Paris, MO",MO,39.58482778,-91.99348889,212.6412,USA
MO-05507600,05507600,"Lick Creek at Perry, MO",MO,39.43142963,-91.67627075,275.3757,USA
MO-05508805,05508805,"Spencer Cr. bl Plum Cr. nr Frankford, MO",MO,39.52046389,-91.34275,536.4018,USA
MO-05514500,05514500,"CUIVRE RIVER NEAR TROY, MO",MO,39.00880278,-90.97753611,2407.411,USA
MO-06906800,06906800,"Lamine River near Otterville, MO",MO,38.70225,-92.9788333,1414.753,USA
MO-06918460,06918460,"Turnback Creek above Greenfield, MO",MO,37.40236944,-93.80202778,650.6892,USA
MO-06919500,06919500,"Cedar Creek near Pleasant View, MO",MO,37.83420277,-93.87549183,1069.424,USA
MO-06921070,06921070,"Pomme de Terre River near Polk, MO",MO,37.68265278,-93.37033333,712.586,USA
MO-06921200,06921200,"Lindley Creek near Polk, MO",MO,37.75046667,-93.26618333,323.6193,USA
MO-06934000,06934000,"Gasconade River near Rich Fountain, MO",MO,38.38880833,-91.81988889,8264.9,USA
MO-07014500,07014500,"Meramec River near Sullivan, MO",MO,38.15853056,-91.10845833,3845.5,USA
MO-07057500,07057500,"North Fork River near Tecumseh, MO",MO,36.62303333,-92.248125,1456.436,USA
MO-07066000,07066000,"Jacks Fork at Eminence, MO",MO,37.15408056,-91.35816111,1053.496,USA
MO-07067000,07067000,"Current River at Van Buren, MO",MO,36.99137778,-91.01351111,4349.011,USA
MO-07068000,07068000,"Current River at Doniphan, MO",MO,36.62200294,-90.84762251,5318.585,USA
MO-07071500,07071500,"Eleven Point River near Bardley, MO",MO,36.64868056,-91.20081944,2023.769,USA
MS-02430085,02430085,"RED BUD CREEK NR MOORES MILL, MS",MS,34.46666667,-88.28361111,40.5621,USA
MS-02430615,02430615,"MUD CREEK NR FAIRVIEW, MS",MS,34.3925,-88.355,28.7145,USA
MS-02472000,02472000,"LEAF RIVER NR COLLINS, MS",MS,31.70694444,-89.40694444,1927.134,USA
MS-02472500,02472500,"BOUIE CREEK NR HATTIESBURG, MS",MS,31.42583333,-89.41472222,789.9363,USA
MS-02479155,02479155,"CYPRESS CREEK NR JANICE, MS",MS,31.02527778,-89.01666667,137.2806,USA
MS-02479300,02479300,"RED CREEK AT VESTRY, MS",MS,30.73611111,-88.78111111,1144.201,USA
MS-02479560,02479560,ESCATAWPA RIVER NEAR AGRICOLA MS,MS,30.80907749,-88.45862738,1454.328,USA
MS-02481000,02481000,"BILOXI RIVER AT WORTHAM, MS",MS,30.5586111,-89.1219444,249.2316,USA
MS-02481510,02481510,"WOLF RIVER NR LANDON, MS",MS,30.48361111,-89.27444444,800.6598,USA
MS-03592718,03592718,"LITTLE YELLOW CREEK EAST NR BURNSVILLE, MS",MS,34.83555556,-88.28805556,66.9897,USA
MS-07290650,07290650,"BAYOU PIERRE NR WILLOWS, MS",MS,32.01777778,-90.87694444,1688.728,USA
MS-07291000,07291000,"HOMOCHITTO RIVER AT EDDICETON, MS",MS,31.50305556,-90.7775,479.2959,USA
MS-07292500,07292500,"HOMOCHITTO RIVER AT ROSETTA, MS",MS,31.32472222,-91.10944444,2073.093,USA
MS-07295000,07295000,"BUFFALO RIVER NR WOODVILLE, MS",MS,31.22694444,-91.29555556,466.5798,USA
MT-06037500,06037500,Madison River near West Yellowstone MT,MT,44.6568722,-111.0682742,1126.247,USA
MT-06043500,06043500,Gallatin River near Gallatin Gateway MT,MT,45.4974286,-111.2705108,2120.42,USA
MT-06154410,06154410,Little Peoples Creek near Hays MT,MT,47.9661044,-108.6607103,33.4053,USA
MT-06191000,06191000,Gardner River near Mammoth YNP,MT,44.99243556,-110.6913211,513.8847,USA
MT-06191500,06191500,Yellowstone River at Corwin Springs MT,MT,45.1118797,-110.7943814,6783.593,USA
MT-06289000,06289000,Little Bighorn River at State Line nr Wyola MT,MT,45.0069097,-107.6150953,471.2687,USA
MT-06291500,06291500,Lodge Grass Cr ab Willow C Div nr Wyola MT,MT,45.12644468,-107.6005448,217.9557,USA
MT-12358500,12358500,Middle Fork Flathead River nr West Glacier MT,MT,48.49524417,-114.0101189,2939.194,USA
MT-12374250,12374250,Mill Cr ab Bassoo Cr nr Niarada MT,MT,47.82966417,-114.6976303,50.7897,USA
MT-12375900,12375900,South Crow Creek near Ronan MT,MT,47.4916,-114.0267742,19.7226,USA
MT-12377150,12377150,Mission Cr ab Reservoir nr ST Ignatius MT,MT,47.3229869,-113.9795475,32.1768,USA
MT-12381400,12381400,South Fork Jocko River near Arlee MT,MT,47.1954864,-113.8506533,150.9471,USA
MT-12383500,12383500,Big Knife Creek near Arlee MT,MT,47.14742806,-113.9742717,17.6706,USA
MT-12388400,12388400,Revais Cr bl West Fork nr Dixon MT,MT,47.2663172,-114.4067864,60.8409,USA
MT-12390700,12390700,Prospect Creek at Thompson Falls MT,MT,47.5860461,-115.355153,470.2338,USA
NB-01AD003,01AD003,ST. FRANCIS RIVER AT OUTLET OF GLASIER LAKE,NB,47.20661163,-68.9569397,1350,CAN
NB-01AJ004,01AJ004,BIG PRESQUE ISLE STREAM AT TRACEY MILLS,NB,46.43835831,-67.73844147,484,CAN
NB-01AJ010,01AJ010,BECAGUIMEC STREAM AT COLDSTREAM,NB,46.34088898,-67.46511078,350,CAN
NB-01AK001,01AK001,SHOGOMOC STREAM NEAR TRANS CANADA HIGHWAY,NB,45.94353104,-67.32035828,234,CAN
NB-01AP002,01AP002,CANAAN RIVER AT EAST CANAAN,NB,46.07236099,-65.36638641,668,CAN
NB-01AP004,01AP004,KENNEBECASIS RIVER AT APOHAQUI,NB,45.70138931,-65.6016922,1100,CAN
NB-01AQ001,01AQ001,LEPREAU RIVER AT LEPREAU,NB,45.16978073,-66.46827698,239,CAN
NB-01BC001,01BC001,RESTIGOUCHE RIVER BELOW KEDGWICK RIVER,NB,47.66707993,-67.483078,3160,CAN
NB-01BE001,01BE001,UPSALQUITCH RIVER AT UPSALQUITCH,NB,47.83246994,-66.88707733,2270,CAN
NB-01BJ003,01BJ003,JACQUET RIVER NEAR DURHAM CENTRE,NB,47.89381027,-66.02522278,510,CAN
NB-01BL002,01BL002,RIVIERE CARAQUET AT BURNSVILLE,NB,47.70560837,-65.15538788,173,CAN
NB-01BO001,01BO001,SOUTHWEST MIRAMICHI RIVER AT BLACKVILLE,NB,46.73600006,-65.8256073,5050,CAN
NB-01BP001,01BP001,LITTLE SOUTHWEST MIRAMICHI RIVER AT LYTTLETON,NB,46.93597031,-65.90738678,1340,CAN
NB-01BQ001,01BQ001,NORTHWEST MIRAMICHI RIVER AT TROUT BROOK,NB,47.09474945,-65.83650208,948,CAN
NB-01BS001,01BS001,COAL BRANCH RIVER AT BEERSVILLE,NB,46.44393921,-65.06494141,166,CAN
NB-01BU002,01BU002,PETITCODIAC RIVER NEAR PETITCODIAC,NB,45.94638824,-65.16819,391,CAN
NB-01BV006,01BV006,POINT WOLFE RIVER AT FUNDY NATIONAL PARK,NB,45.55855942,-65.01596832,130,CAN
NC-02053200,02053200,"POTECASI CREEK NEAR UNION, NC",NC,36.37083333,-77.02555556,583.6599,USA
NC-02077200,02077200,"HYCO CREEK NEAR LEASBURG, NC",NC,36.39777778,-79.19666667,121.6944,USA
NC-02081500,02081500,"TAR RIVER NEAR TAR RIVER, NC",NC,36.19416667,-78.58305556,428.3661,USA
NC-02082950,02082950,"LITTLE FISHING CREEK NEAR WHITE OAK, NC",NC,36.18333333,-77.87611111,460.8531,USA
NC-02084557,02084557,"VAN SWAMP NEAR HOKE, NC",NC,35.73083333,-76.74611111,56.13005,USA
NC-02092500,02092500,"TRENT RIVER NEAR TRENTON, NC",NC,35.06416667,-77.46138889,447.5751,USA
NC-02096846,02096846,"CANE CREEK NEAR ORANGE GROVE, NC",NC,35.987222,-79.206111,19.5696,USA
NC-02102908,02102908,"FLAT CREEK NEAR INVERNESS, NC",NC,35.18277778,-79.1775,19.7253,USA
NC-02108000,02108000,"NORTHEAST CAPE FEAR RIVER NEAR CHINQUAPIN, NC",NC,34.82888889,-77.83222222,1569.485,USA
NC-02111180,02111180,"ELK CREEK AT ELKVILLE, NC",NC,36.07138889,-81.40305556,131.4666,USA
NC-02111500,02111500,"REDDIES RIVER AT NORTH WILKESBORO, NC",NC,36.175,-81.16888889,233.6607,USA
NC-02112120,02112120,"ROARING RIVER NEAR ROARING RIVER, NC",NC,36.25027778,-81.04444444,322.2684,USA
NC-02112360,02112360,"MITCHELL RIVER NEAR STATE ROAD, NC",NC,36.31138889,-80.80722222,205.2963,USA
NC-02118500,02118500,"HUNTING CREEK NEAR HARMONY, NC",NC,36.00055556,-80.74555556,400.527,USA
NC-02125000,02125000,"BIG BEAR CR NR RICHFIELD, NC",NC,35.33472222,-80.33555556,144.5499,USA
NC-02128000,02128000,"LITTLE RIVER NEAR STAR, NC",NC,35.38722222,-79.83138889,273.4758,USA
NC-02137727,02137727,"CATAWBA R NR PLEASANT GARDENS, NC",NC,35.68583333,-82.06027778,329.544,USA
NC-02140991,02140991,"JOHNS RIVER AT ARNEYS STORE, NC",NC,35.83361111,-81.71194444,521.9865,USA
NC-02143000,02143000,"HENRY FORK NEAR HENRY RIVER, NC",NC,35.68444444,-81.40333333,216.6723,USA
NC-02143040,02143040,"JACOB FORK AT RAMSEY, NC",NC,35.59068629,-81.56703706,66.48413,USA
NC-02149000,02149000,"COVE CREEK NEAR LAKE LURE, NC",NC,35.42345364,-82.11149778,203.8527,USA
NC-02152100,02152100,"FIRST BROAD RIVER NEAR CASAR, NC",NC,35.49305556,-81.68222222,154.9944,USA
NC-03161000,03161000,"SOUTH FORK NEW RIVER NEAR JEFFERSON, NC",NC,36.39333333,-81.40694444,527.8624,USA
NC-03439000,03439000,"FRENCH BROAD RIVER AT ROSMAN, NC",NC,35.14333333,-82.82472222,178.6674,USA
NC-03450000,03450000,"BEETREE CREEK NEAR SWANNANOA, NC",NC,35.65305556,-82.40527778,14.0805,USA
NC-03455500,03455500,"W F PIGEON R ABOVE LAKE LOGAN NR HAZELWOOD, NC",NC,35.39611111,-82.9375,72.9522,USA
NC-03456500,03456500,"EAST FORK PIGEON RIVER NEAR CANTON, NC",NC,35.46166667,-82.86972222,133.4268,USA
NC-03460000,03460000,"CATALOOCHEE CREEK NEAR CATALOOCHEE, NC",NC,35.6675,-83.07361111,127.019,USA
NC-03463300,03463300,"SOUTH TOE RIVER NEAR CELO, NC",NC,35.83150735,-82.18428691,112.1589,USA
NC-03479000,03479000,"WATAUGA RIVER NEAR SUGAR GROVE, NC",NC,36.23916667,-81.82222222,235.6011,USA
NC-03500000,03500000,"LITTLE TENNESSEE RIVER NEAR PRENTISS, NC",NC,35.15,-83.37972222,361.1439,USA
NC-03500240,03500240,"CARTOOGECHAYE CREEK NEAR FRANKLIN, NC",NC,35.15888889,-83.39416667,145.8639,USA
NC-03504000,03504000,"NANTAHALA RIVER NEAR RAINBOW SPRINGS, NC",NC,35.1275,-83.61861111,134.5167,USA
NC-208111310,208111310,"CASHIE RIVER AT SR1257 NEAR WINDSOR, NC",NC,36.04777778,-76.9841667,288.4779,USA
NC-344894205,344894205,"NORTH FORK SWANNANOA RIVER NEAR WALKERTOWN, NC",NC,35.683333,-82.333056,38.6046,USA
ND-05056000,05056000,"SHEYENNE RIVER NR WARWICK, ND",ND,47.80555344,-98.71621718,4862.024,USA
ND-05057000,05057000,"SHEYENNE RIVER NR COOPERSTOWN, ND",ND,47.43277097,-98.02759541,7582.457,USA
ND-05057200,05057200,"BALDHILL CREEK NR DAZEY, ND",ND,47.22915623,-98.12481891,1897.332,USA
ND-05120500,05120500,"WINTERING RIVER NR KARLSRUHE, ND",ND,48.13833739,-100.5398623,1509.827,USA
ND-05123400,05123400,"WILLOW CREEK NR WILLOW CITY, ND",ND,48.58888752,-100.4420787,3206.101,USA
ND-06332515,06332515,"BEAR DEN CREEK NR MANDAREE, ND",ND,47.78723694,-102.7685256,191.4867,USA
ND-06339100,06339100,"KNIFE RIVER AT MANNING, ND",ND,47.23612594,-102.7699074,529.1415,USA
ND-06339500,06339500,"KNIFE RIVER NR GOLDEN VALLEY, ND",ND,47.15445301,-102.0598921,3171.457,USA
ND-06344600,06344600,"GREEN RIVER NR NEW HRADEC, ND",ND,47.02779158,-103.0532355,402.4971,USA
ND-06350000,06350000,"CANNONBALL RIVER AT REGENT, ND",ND,46.42667116,-102.5518303,1501.049,USA
ND-06352000,06352000,"CEDAR CREEK NR HAYNES, ND",ND,46.15417025,-102.4740467,1441.832,USA
ND-06353000,06353000,"CEDAR CREEK NR RALEIGH, ND",ND,46.09166988,-101.333742,4526.511,USA
ND-06354000,06354000,"CANNONBALL RIVER AT BREIEN, ND",ND,46.37611111,-100.9344444,10598.19,USA
ND-06468170,06468170,"JAMES RIVER NR GRACE CITY, ND",ND,47.5580525,-98.862885,2809.098,USA
ND-06468250,06468250,"JAMES RIVER ABOVE ARROWWOOD LAKE NR KENSAL, ND",ND,47.39971891,-98.79760572,3242.608,USA
ND-06470800,06470800,"BEAR CREEK NR OAKES, ND",ND,46.22524393,-98.0717676,1071.145,USA
NE-06453600,06453600,"PONCA CREEK AT VERDEL, NEBR.",NE,42.81099444,-98.17585833,2101.42,USA
NE-06601000,06601000,"OMAHA CR AT HOMER, NEBR",NE,42.32158056,-96.48768333,450.1989,USA
NE-06775500,06775500,"MIDDLE LOUP RIVER AT DUNNING, NEBR.",NE,41.83124444,-100.1007778,5459.764,USA
NE-06784000,06784000,"SOUTH LOUP R AT ST. MICHAEL, NEBR.",NE,41.03244444,-98.74053333,6019.745,USA
NE-06803510,06803510,"LITTLE SALT CREEK NEAR LINCOLN, NEBR.",NE,40.89311389,-96.68155278,113.2785,USA
NE-06803530,06803530,"ROCK CREEK NEAR CERESCO, NEBR.",NE,41.01569722,-96.54428333,309.7458,USA
NH-01052500,01052500,"Diamond River near Wentworth Location, NH",NH,44.87739444,-71.05749444,383.8234,USA
NH-01073000,01073000,"OYSTER RIVER NEAR DURHAM, NH",NH,43.14869556,-70.96506028,31.2984,USA
NH-01078000,01078000,"SMITH RIVER NEAR BRISTOL, NH",NH,43.56646306,-71.7478569,222.4566,USA
NH-01137500,01137500,"AMMONOOSUC RIVER AT BETHLEHEM JUNCTION, NH",NH,44.2686741,-71.63036172,228.5543,USA
NJ-01411300,01411300,TUCKAHOE RIVER AT HEAD OF RIVER NJ,NJ,39.30694444,-74.8205556,79.3179,USA
NJ-01440000,01440000,FLAT BROOK NEAR FLATBROOKVILLE NJ,NJ,41.10666667,-74.9522222,167.7204,USA
NJ-01466500,01466500,MCDONALDS BRANCH IN LEBANON STATE FOREST NJ,NJ,39.885,-74.50527778,5.376711,USA
NL-02YA001,02YA001,STE. GENEVIEVE RIVER NEAR FORRESTERS POINT,NL,51.13832855,-56.79222107,306,CAN
NL-02YC001,02YC001,TORRENT RIVER AT BRISTOL'S POOL,NL,50.60747147,-57.15161133,624,CAN
NL-02YJ001,02YJ001,HARRYS RIVER BELOW HIGHWAY BRIDGE,NL,48.57582855,-58.36264038,640,CAN
NL-02YL001,02YL001,UPPER HUMBER RIVER NEAR REIDVILLE,NL,49.24291992,-57.36024857,2110,CAN
NL-02YN004,02YN004,STAR BROOK ABOVE STAR LAKE,NL,48.62731171,-57.31135941,276,CAN
NL-02YQ001,02YQ001,GANDER RIVER AT BIG CHUTE,NL,49.01628113,-54.85066986,4450,CAN
NL-02YR001,02YR001,MIDDLE BROOK NEAR GAMBO,NL,48.80738831,-54.22256088,275,CAN
NL-02YS003,02YS003,SOUTHWEST BROOK AT TERRA NOVA NATIONAL PARK,NL,48.60771942,-53.97888947,36.70000076,CAN
NL-02ZB001,02ZB001,ISLE AUX MORTS RIVER BELOW HIGHWAY BRIDGE,NL,47.61333084,-59.00978088,205,CAN
NL-02ZF001,02ZF001,BAY DU NORD RIVER AT BIG FALLS,NL,47.74682999,-55.44021988,1170,CAN
NL-02ZG001,02ZG001,GARNISH RIVER NEAR GARNISH,NL,47.21641922,-55.33000183,205,CAN
NL-02ZH001,02ZH001,PIPERS HOLE RIVER AT MOTHERS BROOK,NL,47.94667053,-54.28432846,764,CAN
NL-02ZK001,02ZK001,ROCKY RIVER NEAR COLINET,NL,47.22711182,-53.56861115,301,CAN
NL-02ZM006,02ZM006,NORTHEAST POND RIVER AT NORTHEAST POND,NL,47.63463974,-52.8365593,3.630000114,CAN
NL-03NF001,03NF001,UGJOKTOK RIVER BELOW HARP LAKE,NL,55.23413849,-61.30168915,7570,CAN
NL-03NG001,03NG001,KANAIRIKTOK RIVER BELOW SNEGAMOOK LAKE,NL,54.62361145,-60.97721863,8930,CAN
NL-03QC001,03QC001,EAGLE RIVER ABOVE FALLS,NL,53.53427887,-57.49385834,10900,CAN
NL-03QC002,03QC002,ALEXIS RIVER NEAR PORT HOPE SIMPSON,NL,52.64860916,-56.87121964,2310,CAN
NM-07208500,07208500,"RAYADO CREEK NEAR CIMARRON, NM",NM,36.37225823,-104.9700026,159.2235,USA
NM-07226500,07226500,"UTE CREEK NEAR LOGAN, NM",NM,35.43838224,-103.5257944,5242.753,USA
NM-08267500,08267500,"RIO HONDO NEAR VALDEZ, NM",NM,36.54169317,-105.5563978,96.2577,USA
NM-08269000,08269000,"RIO PUEBLO DE TAOS NEAR TAOS, NM",NM,36.43947243,-105.5036203,163.2663,USA
NM-08271000,08271000,"RIO LUCERO NEAR ARROYO SECO, NM",NM,36.50836055,-105.5308423,43.7742,USA
NM-08324000,08324000,"JEMEZ RIVER NEAR JEMEZ, NM",NM,35.66169371,-106.743369,1207.948,USA
NM-08377900,08377900,"RIO MORA NEAR TERRERO, NM",NM,35.77725369,-105.6580725,139.0311,USA
NM-08378500,08378500,"PECOS RIVER NEAR PECOS, NM",NM,35.70836606,-105.6825171,444.9591,USA
NM-08380500,08380500,"GALLINAS CREEK NEAR MONTEZUMA, NM",NM,35.65198595,-105.3188997,198.0621,USA
NM-09386900,09386900,"RIO NUTRIA NEAR RAMAH, NM",NM,35.28252877,-108.5534109,184.9419,USA
NM-09430500,09430500,"GILA RIVER NEAR GILA, NM",NM,33.06117891,-108.5372751,4804.927,USA
NM-09430600,09430600,"MOGOLLON CREEK NEAR CLIFF, NM",NM,33.1667329,-108.6497786,190.522,USA
NS-01DG003,01DG003,BEAVERBANK RIVER NEAR KINSAC,NS,44.85110855,-63.66389084,96.90000153,CAN
NS-01DL001,01DL001,KELLEY RIVER (MILL CREEK) AT EIGHT MILE FORD,NS,45.58681107,-64.45069122,63.20000076,CAN
NS-01DP004,01DP004,MIDDLE RIVER OF PICTOU AT ROCKLIN,NS,45.49739075,-62.78018951,92.19999695,CAN
NS-01EC001,01EC001,ROSEWAY RIVER AT LOWER OHIO,NS,43.83736038,-65.36911011,495,CAN
NS-01ED005,01ED005,MERSEY RIVER BELOW GEORGE LAKE,NS,44.33314133,-65.20507813,723,CAN
NS-01ED007,01ED007,MERSEY RIVER BELOW MILL FALLS,NS,44.43677902,-65.22186279,295,CAN
NS-01EF001,01EF001,LAHAVE RIVER AT WEST NORTHFIELD,NS,44.4474411,-64.59118652,1250,CAN
NS-01EG002,01EG002,GOLD RIVER AT MOSHER'S FALLS,NS,44.56444168,-64.35166931,370,CAN
NS-01EO001,01EO001,ST. MARYS RIVER AT STILLWATER,NS,45.17438889,-61.97991943,1350,CAN
NS-01FA001,01FA001,RIVER INHABITANTS AT GLENORA,NS,45.72024918,-61.28610992,193,CAN
NS-01FB001,01FB001,NORTHEAST MARGAREE RIVER AT MARGAREE VALLEY,NS,46.36896896,-60.97528076,368,CAN
NS-01FB003,01FB003,SOUTHWEST MARGAREE RIVER NEAR UPPER MARGAREE,NS,46.2231102,-61.13692093,357,CAN
NT-06JB001,06JB001,HANBURY RIVER ABOVE HOARE LAKE,NT,63.59111023,-105.1544418,5770,CAN
NT-07OB001,07OB001,HAY RIVER NEAR HAY RIVER,NT,60.74300003,-115.859642,51700,CAN
NT-07RD001,07RD001,LOCKHART RIVER AT OUTLET OF ARTILLERY LAKE,NT,62.89413834,-108.4660263,26600,CAN
NT-10EB001,10EB001,SOUTH NAHANNI RIVER ABOVE VIRGINIA FALLS,NT,61.6361084,-125.7970276,14500,CAN
NT-10FA002,10FA002,TROUT RIVER AT HIGHWAY NO. 1,NT,61.13980865,-119.8430634,9270,CAN
NT-10FB006,10FB006,MACKENZIE RIVER AT STRONG POINT,NT,61.81650162,-120.7919235,,CAN
NT-10GA001,10GA001,ROOT RIVER NEAR THE MOUTH,NT,62.47972107,-123.4330597,9820,CAN
NT-10GB006,10GB006,WILLOWLAKE RIVER ABOVE METAHDALI CREEK,NT,62.65005875,-122.8992462,20200,CAN
NT-10JC003,10JC003,GREAT BEAR RIVER AT OUTLET OF GREAT BEAR LAKE,NT,65.12841797,-123.5509186,146400,CAN
NT-10KD001,10KD001,MACKENZIE RIVER AT SANS SAULT RAPIDS,NT,65.76555634,-128.7486115,1622000,CAN
NT-10LA002,10LA002,ARCTIC RED RIVER NEAR THE MOUTH,NT,66.78743744,-133.0896454,18750,CAN
NT-10LC007,10LC007,CARIBOU CREEK ABOVE HIGHWAY NO. 8 (DEMPSTER HIGHWAY),NT,68.08728027,-133.4923248,590,CAN
NT-10MC002,10MC002,PEEL RIVER ABOVE FORT MCPHERSON,NT,67.25888824,-134.8888092,70600,CAN
NT-10NC001,10NC001,ANDERSON RIVER BELOW CARNWATH RIVER,NT,68.63066864,-128.4214325,57800,CAN
NT-10ND002,10ND002,TRAIL VALLEY CREEK NEAR INUVIK,NT,68.7361908,-133.493103,68.30000305,CAN
NT-10PB001,10PB001,COPPERMINE RIVER AT OUTLET OF POINT LAKE,NT,65.41583252,-114.007782,19200,CAN
NU-06KC003,06KC003,DUBAWNT RIVER AT OUTLET OF MARJORIE LAKE,NU,64.23242188,-99.47608185,67300,CAN
NU-06LA001,06LA001,KAZAN RIVER AT OUTLET OF ENNADAI LAKE,NU,61.2536087,-100.9738922,21400,CAN
NU-06LC001,06LC001,KAZAN RIVER ABOVE KAZAN FALLS,NU,63.65258026,-95.85211182,70000,CAN
NU-10QD001,10QD001,ELLICE RIVER NEAR THE MOUTH,NU,67.70832825,-104.1391678,16900,CAN
NU-10RC001,10RC001,BACK RIVER ABOVE HERMANN RIVER,NU,66.08614349,-96.51081085,93900,CAN
NU-10TF001,10TF001,FRESHWATER CREEK NEAR CAMBRIDGE BAY,NU,69.13111115,-104.9905624,1490,CAN
NU-10UH001,10UH001,SYLVIA GRINNELL RIVER NEAR IQALUIT,NU,63.76641846,-68.58061218,2980,CAN
NV-10244950,10244950,"STEPTOE C NR ELY, NV",NV,39.20153889,-114.6891611,28.1961,USA
NV-10249300,10249300,"S TWIN R NR ROUND MOUNTAIN, NV",NV,38.88743023,-117.2453673,50.1957,USA
NV-10310500,10310500,"CLEAR CREEK NEAR CARSON CITY, NV",NV,39.11324216,-119.7982365,39.4893,USA
NV-10316500,10316500,"LAMOILLE C NR LAMOILLE, NV",NV,40.69076057,-115.477003,64.7784,USA
NV-10329500,10329500,"MARTIN C NR PARADISE VALLEY, NV",NV,41.53461752,-117.4179047,454.5207,USA
NV-10336740,10336740,"Logan House Ck nr Glenbrook, NV",NV,39.06657478,-119.9354605,5.5368,USA
NV-10348850,10348850,GALENA C AT GALENA C STATE PARK,NV,39.35435414,-119.8585225,19.1385,USA
NV-13161500,13161500,BRUNEAU RIVER AT ROWLAND NV,NV,41.93323682,-115.6745268,986.1309,USA
NY-01350000,01350000,SCHOHARIE CREEK AT PRATTSVILLE NY,NY,42.31952821,-74.43653726,612.5148,USA
NY-01350080,01350080,MANOR KILL AT WEST CONESVILLE NEAR GILBOA NY,NY,42.3770259,-74.4129244,83.8404,USA
NY-01350140,01350140,MINE KILL NEAR NORTH BLENHEIM NY,NY,42.42896817,-74.47292501,43.7598,USA
NY-01362200,01362200,ESOPUS CREEK AT ALLABEN NY,NY,42.1170341,-74.38014921,169.1902,USA
NY-01365000,01365000,RONDOUT CREEK NEAR LOWES CORNERS NY,NY,41.86648184,-74.48710014,99.5688,USA
NY-01413500,01413500,EAST BR DELAWARE R AT MARGARETVILLE NY,NY,42.14481017,-74.65348886,424.1025,USA
NY-01414500,01414500,MILL BROOK NEAR DUNRAVEN NY,NY,42.10619915,-74.7304349,64.4517,USA
NY-01415000,01415000,TREMPER KILL NEAR ANDES NY,NY,42.1200874,-74.81849264,85.6287,USA
NY-01423000,01423000,WEST BRANCH DELAWARE RIVER AT WALTON NY,NY,42.16619633,-75.13989107,859.6809,USA
NY-01434025,01434025,BISCUIT BK ABOVE PIGEON BK AT FROST VALLEY NY,NY,41.99537004,-74.50098708,9.7002,USA
NY-01435000,01435000,NEVERSINK RIVER NEAR CLARYVILLE NY,NY,41.89009153,-74.58987933,172.458,USA
NY-01510000,01510000,OTSELIC RIVER AT CINCINNATUS NY,NY,42.54118127,-75.8996425,382.986,USA
NY-04216418,04216418,TONAWANDA CREEK AT ATTICA NY,NY,42.86394893,-78.28362793,196.4727,USA
NY-04221000,04221000,GENESEE RIVER AT WELLSVILLE NY,NY,42.12229032,-77.95722459,750.879,USA
NY-04224775,04224775,CANASERAGA CREEK ABOVE DANSVILLE NY,NY,42.5356226,-77.70416132,231.8445,USA
NY-04233000,04233000,CAYUGA INLET NEAR ITHACA NY,NY,42.3931287,-76.5449429,91.8999,USA
NY-04256000,04256000,INDEPENDENCE RIVER AT DONNATTSBURG NY,NY,43.74729136,-75.33434745,232.4457,USA
OH-03140000,03140000,Mill Creek near Coshocton OH,OH,40.36284598,-81.86235635,70.3458,USA
OH-03144000,03144000,Wakatomika Creek near Frazeysburg OH,OH,40.13256823,-82.14792013,363.4146,USA
OH-03159540,03159540,Shade River near Chester OH,OH,39.06368935,-81.88180237,400.851,USA
OH-03237280,03237280,Upper Twin Creek at McGaw OH,OH,38.64368745,-83.21573648,32.9542,USA
OH-03237500,03237500,Ohio Brush Creek near West Union OH,OH,38.80368382,-83.42102265,1003.208,USA
OH-03238500,03238500,White Oak Creek near Georgetown OH,OH,38.85812494,-83.92853941,568.5038,USA
OH-03241500,03241500,Massies Creek at Wilberforce OH,OH,39.72283771,-83.88270656,170.9145,USA
OH-04185000,04185000,Tiffin River at Stryker OH,OH,41.50449567,-84.42967186,1064.001,USA
OH-04196800,04196800,Tymochtee Creek at Crawford OH,OH,40.92283322,-83.34881158,608.067,USA
OH-04197100,04197100,Honey Creek at Melmore OH,OH,41.022278,-83.10963818,388.2105,USA
OH-04197170,04197170,Rock Creek at Tiffin OH,OH,41.11366592,-83.16825212,95.20831,USA
OH-04213000,04213000,Conneaut Creek at Conneaut OH,OH,41.92699898,-80.60396593,455.2974,USA
OK-07148400,07148400,"Salt Fork Arkansas River nr Alva, OK",OK,36.81503056,-98.6481394,2544.504,USA
OK-07197000,07197000,"Baron Fork at Eldon, OK",OK,35.92120028,-94.8385633,808.4485,USA
OK-07301500,07301500,"North Fork Red River near Carter, OK",OK,35.1681083,-99.5073128,6885.075,USA
OK-07315700,07315700,"Mud Creek near Courtney, OK",OK,34.00426528,-97.566968,1488.686,USA
OK-07335700,07335700,"Kiamichi River near Big Cedar, OK",OK,34.63843694,-94.6127236,102.5696,USA
ON-02AB008,02AB008,NEEBING RIVER NEAR THUNDER BAY,ON,48.38338852,-89.3065567,187,CAN
ON-02BF002,02BF002,GOULAIS RIVER NEAR SEARCHMONT,ON,46.86093903,-83.97180939,1140,CAN
ON-02CF008,02CF008,WHITSON RIVER AT VAL CARON,ON,46.61016846,-81.03296661,179,CAN
ON-02EA005,02EA005,NORTH MAGNETAWAN RIVER NEAR BURK'S FALLS,ON,45.66947174,-79.37918854,329,CAN
ON-02EC002,02EC002,BLACK RIVER NEAR WASHAGO,ON,44.71366882,-79.28160858,1510,CAN
ON-02FB007,02FB007,SYDENHAM RIVER NEAR OWEN SOUND,ON,44.52225113,-80.93019104,183,CAN
ON-02FC001,02FC001,SAUGEEN RIVER NEAR PORT ELGIN,ON,44.45647049,-81.3264389,3950,CAN
ON-02GA010,02GA010,NITH RIVER NEAR CANNING,ON,43.18972015,-80.45503235,1030,CAN
ON-02HL004,02HL004,SKOOTAMATTA RIVER NEAR ACTINOLITE,ON,44.54956818,-77.32813263,678,CAN
ON-02JC008,02JC008,BLANCHE RIVER ABOVE ENGLEHART,ON,47.88914108,-79.87931061,1780,CAN
ON-02KB001,02KB001,PETAWAWA RIVER NEAR PETAWAWA,ON,45.88618851,-77.31530762,4120,CAN
ON-02LB007,02LB007,SOUTH NATION RIVER AT SPENCERVILLE,ON,44.84225082,-75.54441833,246,CAN
ON-04DA001,04DA001,PIPESTONE RIVER AT KARL LAKE,ON,52.58058167,-90.18669128,5960,CAN
ON-04GA002,04GA002,CAT RIVER BELOW WESLEYAN LAKE,ON,51.17377853,-91.5945816,5390,CAN
ON-04GB004,04GB004,OGOKI RIVER ABOVE WHITECLAY LAKE,ON,50.86841965,-88.93161011,11200,CAN
ON-04JC002,04JC002,NAGAGAMI RIVER AT HIGHWAY NO. 11,ON,49.77288818,-84.53694153,2180,CAN
ON-04KA001,04KA001,KWETABOHIGAN RIVER NEAR THE MOUTH,ON,51.16083145,-80.86393738,4250,CAN
ON-04LJ001,04LJ001,MISSINAIBI RIVER AT MATTICE,ON,49.6139183,-83.26667023,8570,CAN
ON-04MF001,04MF001,NORTH FRENCH RIVER NEAR THE MOUTH,ON,51.07672119,-80.76407623,6680,CAN
ON-05PB014,05PB014,TURTLE RIVER NEAR MINE CENTRE,ON,48.85021973,-92.72383118,4770,CAN
ON-05PD023,05PD023,LAKE 239 OUTLET NEAR KENORA,ON,49.65777969,-93.72666931,3.900000095,CAN
OR-10396000,10396000,DONNER UND BLITZEN RIVER NR FRENCHGLEN OR,OR,42.79083333,-118.8675,528.894,USA
OR-13331500,13331500,"MINAM RIVER NEAR MINAM, OR",OR,45.61986694,-117.7265892,618.9291,USA
OR-14020000,14020000,"UMATILLA RIVER ABOVE MEACHAM CREEK, NR GIBBON, OR",OR,45.71957668,-118.3232913,341.4267,USA
OR-14092750,14092750,"SHITIKE CR, AT PETERS PASTURE, NR WARM SPRINGS, OR",OR,44.75039516,-121.6333971,57.4803,USA
OR-14096850,14096850,"BEAVER CREEK, BLW QUARTZ CR, NR SIMNASHO, OR.",OR,44.95872724,-121.3942286,374.6232,USA
OR-14137000,14137000,"SANDY RIVER NEAR MARMOT, OR",OR,45.39956422,-122.1373068,674.2395,USA
OR-14138800,14138800,"BLAZED ALDER CREEK NEAR RHODODENDRON, OREG.",OR,45.45261834,-121.8914684,21.2886,USA
OR-14138870,14138870,"FIR CREEK NEAR BRIGHTWOOD, OR",OR,45.48011889,-122.0256385,14.02431,USA
OR-14138900,14138900,"NORTH FORK BULL RUN RIVER NEAR MULTNOMAH FALLS, OR",OR,45.49428561,-122.0359167,21.6828,USA
OR-14139800,14139800,"SOUTH FORK BULL RUN RIVER NEAR BULL RUN, OR",OR,45.44456402,-122.1095292,40.7034,USA
OR-14141500,14141500,"LITTLE SANDY RIVER NEAR BULL RUN, OREG.",OR,45.41539777,-122.1714746,59.8653,USA
OR-14154500,14154500,"ROW RIVER ABOVE PITCHER CREEK NEAR, DORENA, OREG",OR,43.7359565,-122.8734019,546.8105,USA
OR-14158500,14158500,"MCKENZIE RIVER AT OUTLET OF CLEAR LAKE, OR",OR,44.36095451,-121.9956172,237.0771,USA
OR-14158790,14158790,"SMITH R AB SMITH R RES NR BELKNAP SPRGS,OREG.",OR,44.3345666,-122.0470074,40.5711,USA
OR-14166500,14166500,"LONG TOM RIVER NEAR NOTI, OREG.",OR,44.04984478,-123.4262097,226.5246,USA
OR-14182500,14182500,"LITTLE NORTH SANTIAM RIVER NEAR MEHAMA, OR",OR,44.79151084,-122.5789739,286.8498,USA
OR-14185000,14185000,"SOUTH SANTIAM RIVER BELOW CASCADIA, OR",OR,44.39179225,-122.4975817,458.1774,USA
OR-14185900,14185900,"QUARTZVILLE CREEK NEAR CASCADIA, OREG.",OR,44.54012357,-122.4359155,258.1965,USA
OR-14187000,14187000,"WILEY CREEK NEAR FOSTER, OR",OR,44.37234769,-122.6231384,134.7498,USA
OR-14301000,14301000,"NEHALEM RIVER NEAR FOSS, OR",OR,45.70399863,-123.755405,1743.544,USA
OR-14303200,14303200,"TUCCA CREEK NEAR BLAINE, OR.",OR,45.32427635,-123.5465012,8.0595,USA
OR-14305500,14305500,"SILETZ RIVER AT SILETZ, OR",OR,44.71511723,-123.8873348,526.3299,USA
OR-14306340,14306340,"EAST FORK LOBSTER CREEK NEAR ALSEA, OR.",OR,44.24789909,-123.6364936,14.7276,USA
OR-14306500,14306500,"ALSEA RIVER NEAR TIDEWATER, OR",OR,44.38595381,-123.831778,857.1636,USA
OR-14308990,14308990,"COW CREEK ABV GALESVILLE RES, NR AZALEA, OR.",OR,42.82317665,-123.1258922,167.7555,USA
OR-14309500,14309500,"WEST FORK COW CREEK NEAR GLENDALE, OR",OR,42.80400356,-123.6109071,224.9208,USA
OR-14316700,14316700,"STEAMBOAT CREEK NEAR GLIDE, OR",OR,43.34984202,-122.7289415,587.8989,USA
OR-14325000,14325000,"SOUTH FORK COQUILLE RIVER AT POWERS, OR",OR,42.89149904,-124.0706521,443.0745,USA
OR-14362250,14362250,"STAR GULCH NEAR RUCH, OR.",OR,42.15401355,-123.075323,41.4216,USA
OR-14400000,14400000,"CHETCO RIVER NEAR BROOKINGS, OR",OR,42.12344278,-124.1873107,702.6345,USA
PA-01439500,01439500,"Bush Kill at Shoemakers, PA",PA,41.08815078,-75.03767469,305.8776,USA
PA-01440400,01440400,"Brodhead Creek near Analomink, PA",PA,41.08481482,-75.21462514,175.2084,USA
PA-01451800,01451800,"Jordan Creek near Schnecksville, PA",PA,40.66176219,-75.626854,135.8448,USA
PA-01516500,01516500,"Corey Creek near Mainesburg, PA",PA,41.79090746,-77.01468773,31.4838,USA
PA-01518862,01518862,"Cowanesque River at Westfield, PA",PA,41.92312576,-77.53192977,233.9109,USA
PA-01532000,01532000,"Towanda Creek near Monroeton, PA",PA,41.7070195,-76.48466538,553.941,USA
PA-01539000,01539000,"Fishing Creek near Bloomsburg, PA",PA,41.07814118,-76.43105551,701.7795,USA
PA-01542810,01542810,"Waldy Run near Emporium, PA",PA,41.57895225,-78.29251214,13.6242,USA
PA-01543000,01543000,"Driftwood Br Sinnemahoning Cr at Sterling Run, PA",PA,41.41339593,-78.19695238,705.4974,USA
PA-01543500,01543500,"Sinnemahoning Creek at Sinnemahoning, PA",PA,41.31728467,-78.10305957,1778.258,USA
PA-01544500,01544500,"Kettle Creek at Cross Fork, PA",PA,41.4758994,-77.82582513,355.0644,USA
PA-01545600,01545600,"Young Womans Creek near Renovo, PA",PA,41.38951168,-77.6908191,119.9975,USA
PA-01547700,01547700,"Marsh Creek at Blanchard, PA",PA,41.05950916,-77.60582641,113.5386,USA
PA-01548500,01548500,"Pine Creek at Cedar Run, PA",PA,41.52173586,-77.44747983,1557.047,USA
PA-01549500,01549500,"Blockhouse Creek near English Center, PA",PA,41.47368336,-77.23080907,97.4853,USA
PA-01550000,01550000,"Lycoming Creek near Trout Run, PA",PA,41.41840957,-77.03274598,452.6757,USA
PA-01552000,01552000,"Loyalsock Creek at Loyalsockville, PA",PA,41.32507836,-76.91246379,1129.486,USA
PA-01552500,01552500,"Muncy Creek near Sonestown, PA",PA,41.35702418,-76.53467084,60.6384,USA
PA-01557500,01557500,"Bald Eagle Creek at Tyrone, PA",PA,40.68367333,-78.23362439,115.2963,USA
PA-01564500,01564500,"Aughwick Creek near Three Springs, PA",PA,40.21258144,-77.92527644,445.5612,USA
PA-01567500,01567500,"Bixler Run near Loysville, PA",PA,40.37091615,-77.40220903,38.7729,USA
PA-01568000,01568000,"Sherman Creek at Shermans Dale, PA",PA,40.32341928,-77.16887034,534.3948,USA
PA-01613050,01613050,"Tonoloway Creek near Needmore, PA",PA,39.89842119,-78.13222904,27.8982,USA
PA-03010655,03010655,"Oswayo Creek at Shinglehouse, PA",PA,41.96173237,-78.19806624,254.4417,USA
PA-03011800,03011800,"Kinzua Creek near Guffey, PA",PA,41.76645099,-78.71863999,100.0953,USA
PA-03015500,03015500,"Brokenstraw Creek at Youngsville, PA",PA,41.85255871,-79.31727083,784.8513,USA
PA-03021350,03021350,"French Creek near Wattsburg, PA",PA,42.01533201,-79.78255074,239.6691,USA
PA-03026500,03026500,"Sevenmile Run near Rasselas, PA",PA,41.63117349,-78.57668985,20.3058,USA
PA-03028000,03028000,"West Branch Clarion River at Wilcox, PA",PA,41.57533955,-78.69224919,161.1102,USA
PA-03049000,03049000,"Buffalo Creek near Freeport, PA",PA,40.71589833,-79.6994935,357.1533,USA
PA-03049800,03049800,"Little Pine Creek near Etna, PA",PA,40.5203462,-79.93810799,14.8878,USA
PA-04213075,04213075,"Brandy Run near Girard, PA",PA,41.9920003,-80.2911737,11.6514,USA
PE-01CA003,01CA003,CARRUTHERS BROOK NEAR ST. ANTHONY,PE,46.74411011,-64.18699646,46.79999924,CAN
PE-01CB004,01CB004,WILMOT RIVER NEAR WILMOT VALLEY,PE,46.39331055,-63.6593895,45.40000153,CAN
QC-01BH005,01BH005,DARTMOUTH (RIVIERE) EN AMONT DU RUISSEAU DU PAS DE DAME,QC,48.97972107,-64.6986084,645,CAN
QC-02LG005,02LG005,GATINEAU (RIVIERE) AUX RAPIDES CEIZUR,QC,47.08361053,-75.7536087,6840,CAN
QC-02LH004,02LH004,PICANOC (RIVIERE) PRES DE WRIGHT,QC,46.07749939,-76.06944275,1290,CAN
QC-02NE011,02NE011,"CROCHE (RIVIERE) A 2,6 KM EN AVAL DU RUISSEAU CHANGY",QC,47.76721954,-72.73667145,1570,CAN
QC-02NF003,02NF003,MATAWIN (RIVIERE) A SAINT-MICHEL-DES-SAINTS,QC,46.68582916,-73.91416931,1390,CAN
QC-02OE027,02OE027,EATON (RIVIERE) PRES DE LA RIVIERE SAINT-FRANCOIS-3,QC,45.46722031,-71.65528107,642,CAN
QC-02PB006,02PB006,SAINTE-ANNE (RIVIERE) (BRAS DU NORD DE LA) EN AMONT,QC,46.97166824,-71.85443878,642,CAN
QC-02PJ007,02PJ007,BEAURIVAGE (RIVIERE) A SAINTE-ETIENNE,QC,46.65916824,-71.28861237,709,CAN
QC-02QA002,02QA002,"RIMOUSKI (RIVIERE) A 3,7 KM EN AMONT DU PONT-ROUTE 132",QC,48.41333008,-68.55610657,1610,CAN
QC-02RD002,02RD002,MISTASSIBI (RIVIERE),QC,48.89944077,-72.21166992,9320,CAN
QC-02RF001,02RF001,ASHUAPMUSHUAN (RIVIERE) A LA TETE DE LA CHUTE AUX SAUMONS,QC,48.68638992,-72.48806,15300,CAN
QC-02RG005,02RG005,METABETCHOUANE (RIVIERE) EN AMONT DE LA CENTRALE S.R.P.C.,QC,48.375,-71.99360657,2280,CAN
QC-02UC002,02UC002,"MOISIE (RIVIERE) A 5,1 KM EN AMONT DU PONT DU Q.N.S.L.R.",QC,50.35028076,-66.1902771,19000,CAN
QC-02VC001,02VC001,ROMAINE (RIVIERE) AU PONT DE LA Q.I.T.,QC,50.30778122,-63.62250137,13000,CAN
QC-03FA003,03FA003,LOUPS MARINS (LAC DES) DANS LE BASSIN VERSANT DE LA RIVIERE NASTAPOCA,QC,56.45471954,-74.2388916,8390,CAN
QC-03KC004,03KC004,"MELEZES (RIVIERE AUX) A 7,6 KM EN AMONT DE LA CONFLUENCE AVEC LA KOKSOAK",QC,57.67055893,-69.61444092,40400,CAN
QC-03MB002,03MB002,"BALEINE (RIVIERE A LA) A 40,2 KM DE L'EMBOUCHURE",QC,57.8833313,-67.58332825,29800,CAN
QC-03MD001,03MD001,GEORGE (RIVIERE) A LA SORTIE DU LAC DE LA HUTTE SAUVAGE,QC,56.7930603,-65.7583313,22755,CAN
QC-04NA001,04NA001,"HARRICANA (RIVIERE) 3,1 KM EN AVAL DU PONT-ROUTE 111 A AMOS",QC,48.60055923,-78.10944366,3680,CAN
RI-01117468,01117468,"BEAVER RIVER NEAR USQUEPAUG, RI",RI,41.49260028,-71.6281194,25.3413,USA
SC-02110500,02110500,"WACCAMAW RIVER NEAR LONGS, SC",SC,33.9126719,-78.71501746,2908.315,USA
SC-02196000,02196000,"STEVENS CREEK NEAR MODOC, SC",SC,33.72929717,-82.18178732,1408.382,USA
SD-05291000,05291000,"WHETSTONE RIVER NEAR BIG STONE CITY, SD",SD,45.29163167,-96.48755694,1046.776,USA
SD-06360500,06360500,MOREAU R NEAR WHITEHORSE SD,SD,45.25581712,-100.8429214,12654.96,USA
SD-06404000,06404000,BATTLE CR NEAR KEYSTONE SD,SD,43.87248893,-103.3365779,151.8273,USA
SD-06406000,06406000,BATTLE CR AT HERMOSA SD,SD,43.82804586,-103.1960211,436.3389,USA
SD-06408700,06408700,RHOADS FORK NEAR ROCHFORD SD,SD,44.13664933,-103.8585355,20.7954,USA
SD-06409000,06409000,CASTLE CR ABOVE DEERFIELD RES NEAR HILL CITY SD,SD,44.01359238,-103.8304784,205.3285,USA
SD-06422500,06422500,BOXELDER CR NEAR NEMO SD,SD,44.14387557,-103.4549107,243.9207,USA
SD-06431500,06431500,SPEARFISH CR AT SPEARFISH SD,SD,44.48248388,-103.861592,427.1049,USA
SD-06440200,06440200,"SOUTH FORK BAD R NEAR COTTONWOOD,SD",SD,43.968879,-101.76709,649.1916,USA
SD-06441500,06441500,BAD R NEAR FORT PIERRE SD,SD,44.32664897,-100.3843003,8152.545,USA
SD-06447000,06447000,WHITE R NEAR KADOKA SD,SD,43.75249491,-101.5248665,12849.71,USA
SD-06447500,06447500,LITTLE WHITE R NEAR MARTIN SD,SD,43.16666553,-101.6301489,826.6077,USA
SD-06450500,06450500,LITTLE WHITE R BELOW WHITE RIVER SD,SD,43.60138549,-100.7498608,4111.272,USA
SD-06452000,06452000,WHITE R NEAR OACOMA SD,SD,43.74832745,-99.5564948,25791.04,USA
SD-06464500,06464500,KEYA PAHA R AT WEWELA SD,SD,43.02889277,-99.78067095,2914.043,USA
SD-06477500,06477500,FIRESTEEL CR NEAR MOUNT VERNON SD,SD,43.7764,-98.24567222,1512.444,USA
SD-06479215,06479215,BIG SIOUX RIVER NR FLORENCE SD,SD,45.18079549,-97.1861904,175.2822,USA
SD-06479438,06479438,BIG SIOUX R NEAR WATERTOWN SD,SD,45.0060753,-97.1650756,951.9129,USA
SK-05HA003,05HA003,BEAR CREEK NEAR PIAPOT,SK,49.89947128,-109.1062775,253,CAN
SK-05HC005,05HC005,ANTELOPE CREEK NEAR CABRI,SK,50.66196823,-108.3815002,244,CAN
SK-05HE001,05HE001,SNAKEBITE CREEK NEAR BEECHY,SK,50.80167007,-107.2752838,861,CAN
SK-05JB004,05JB004,NOTUKEU CREEK ABOVE ADMIRAL RESERVOIR,SK,49.70888901,-108.1252823,454,CAN
SK-05KJ014,05KJ014,PASQUIA RIVER AT HIGHWAY NO. 9,SK,53.25667191,-102.1119385,74.30000305,CAN
SK-05LD003,05LD003,OVERFLOWING RIVER NEAR HUDSON BAY,SK,53.03083038,-102.3161087,350,CAN
SK-05LE011,05LE011,MALONECK CREEK NEAR PELLY,SK,51.96889114,-101.913887,180,CAN
SK-05NF006,05NF006,LIGHTNING CREEK NEAR CARNDUFF,SK,49.22106171,-101.7189713,748,CAN
SK-05NF010,05NF010,ANTLER RIVER NEAR WAUCHOPE,SK,49.58391953,-101.8481674,348,CAN
SK-06BD001,06BD001,HAULTAIN RIVER ABOVE NORBERT RIVER,SK,56.24522018,-106.5633621,3680,CAN
SK-06CD002,06CD002,CHURCHILL RIVER ABOVE OTTER RAPIDS,SK,55.64768982,-104.7360001,119000,CAN
SK-06DA001,06DA001,WOLLASTON LAKE AT ROSS CHANNEL,SK,58.48352814,-103.2853317,16400,CAN
SK-06DA004,06DA004,GEIKIE RIVER BELOW WHEELER RIVER,SK,57.5841713,-104.1853638,7730,CAN
SK-07LE002,07LE002,FOND DU LAC RIVER AT OUTLET OF BLACK LAKE,SK,59.15002823,-105.5430832,50700,CAN
SK-11AB075,11AB075,LYONS CREEK AT INTERNATIONAL BOUNDARY,SK,49.00531006,-109.2318573,174,CAN
SK-11AB117,11AB117,BATTLE CREEK AT ALBERTA BOUNDARY,SK,49.64886093,-110.0050278,111,CAN
TN-03498500,03498500,"LITTLE RIVER NEAR MARYVILLE, TN",TN,35.78562063,-83.88460359,696.7582,USA
TN-03597590,03597590,"WARTRACE CREEK BELOW COUNTY ROAD AT WARTRACE, TN",TN,35.527295,-86.340271,92.943,USA
TN-03604000,03604000,"BUFFALO RIVER NEAR FLAT WOODS, TN",TN,35.49590598,-87.83280366,1163.026,USA
TX-07299670,07299670,"Groesbeck Ck at SH 6 nr Quanah, TX",TX,34.35451979,-99.74037187,828.3573,USA
TX-07301410,07301410,"Sweetwater Ck nr Kelton, TX",TX,35.47310419,-100.1209501,769.6656,USA
TX-07315200,07315200,"E Fk Little Wichita Rv nr Henrietta, TX",TX,33.81287833,-98.08504064,501.6159,USA
TX-07346045,07346045,"Black Cypress Bayou at Jefferson, TX",TX,32.77791731,-94.3574153,959.8869,USA
TX-08029500,08029500,"Big Cow Ck nr Newton, TX",TX,30.81888889,-93.78555556,333.3996,USA
TX-08050800,08050800,"Timber Ck nr Collinsville, TX",TX,33.55455428,-96.94722668,100.9324,USA
TX-08066200,08066200,"Long King Ck at Livingston, TX",TX,30.716306,-94.95882373,364.1202,USA
TX-08066300,08066300,"Menard Ck nr Rye, TX",TX,30.48138889,-94.77972222,383.5714,USA
TX-08070000,08070000,"E Fk San Jacinto Rv nr Cleveland, TX",TX,30.33659809,-95.10409994,841.0554,USA
TX-08070200,08070200,"E Fk San Jacinto Rv nr New Caney, TX",TX,30.1454932,-95.12437563,989.3655,USA
TX-08079600,08079600,"DMF Brazos Rv at Justiceburg, TX",TX,33.03843236,-101.1976302,3348.947,USA
TX-08082700,08082700,"Millers Ck nr Munday, TX",TX,33.32926607,-99.46508251,276.0354,USA
TX-08086212,08086212,"Hubbard Ck bl Albany, TX",TX,32.73289717,-99.14062992,1584.818,USA
TX-08086290,08086290,"Big Sandy Ck abv Breckenridge, TX",TX,32.64845613,-99.00451456,732.9825,USA
TX-08101000,08101000,"Cowhouse Ck at Pidcoke, TX",TX,31.28489022,-97.88502445,1177.1,USA
TX-08103900,08103900,"S Fk Rocky Ck nr Briggs, TX",TX,30.91156805,-98.0369676,86.00084,USA
TX-08104900,08104900,"S Fk San Gabriel Rv at Georgetown, TX",TX,30.6257499,-97.69112037,342.6174,USA
TX-08109700,08109700,"Middle Yegua Ck nr Dime Box, TX",TX,30.33937764,-96.90470373,610.1262,USA
TX-08150800,08150800,"Beaver Ck nr Mason, TX",TX,30.64351548,-99.09588478,557.5212,USA
TX-08155200,08155200,"Barton Ck at SH 71 nr Oak Hill, TX",TX,30.29631587,-97.925565,232.7427,USA
TX-08158700,08158700,"Onion Ck nr Driftwood, TX",TX,30.08298924,-98.00778589,320.3442,USA
TX-08158810,08158810,"Bear Ck bl FM 1826 nr Driftwood, TX",TX,30.15548749,-97.94000762,31.7889,USA
TX-08164000,08164000,"Lavaca Rv nr Edna, TX",TX,28.95998449,-96.6863668,2123.997,USA
TX-08164300,08164300,"Navidad Rv nr Hallettsville, TX",TX,29.46690801,-96.81275597,861.5421,USA
TX-08164600,08164600,"Garcitas Ck nr Inez, TX",TX,28.89137591,-96.81914857,253.9206,USA
TX-08165300,08165300,"N Fk Guadalupe Rv nr Hunt, TX",TX,30.06409747,-99.38699162,435.9924,USA
TX-08171300,08171300,"Blanco Rv nr Kyle, TX",TX,29.97938297,-97.91000511,1067.474,USA
TX-08175000,08175000,"Sandies Ck nr Westhoff, TX",TX,29.2152475,-97.44943529,1421.657,USA
TX-08176900,08176900,"Coleto Ck at Arnold Rd nr Schroeder, TX",TX,28.86165308,-97.2263791,925.4421,USA
TX-08178880,08178880,"Medina Rv at Bandera, TX",TX,29.72383537,-99.07003496,850.5792,USA
TX-08189500,08189500,"Mission Rv at Refugio, TX",TX,28.29195088,-97.27915932,1808.286,USA
TX-08190000,08190000,"Nueces Rv at Laguna, TX",TX,29.42856679,-99.9972871,1961.433,USA
TX-08190500,08190500,"W Nueces Rv nr Brackettville, TX",TX,29.47273118,-100.2364633,1799.09,USA
TX-08194200,08194200,"San Casimiro Ck nr Freer, TX",TX,27.96501329,-98.96696778,1220.584,USA
TX-08195000,08195000,"Frio Rv at Concan, TX",TX,29.48856496,-99.70477562,1028.286,USA
TX-08196000,08196000,"Dry Frio Rv nr Reagan Wells, TX",TX,29.50467576,-99.78144517,326.9781,USA
TX-08198500,08198500,"Sabinal Rv at Sabinal, TX",TX,29.31430556,-99.4804722,624.347,USA
TX-08200000,08200000,"Hondo Ck nr Tarpley, TX",TX,29.56967272,-99.24670636,249.1146,USA
TX-08202700,08202700,"Seco Ck at Rowe Ranch nr D'Hanis, TX",TX,29.37078917,-99.28781853,434.745,USA
UT-09183500,09183500,"MILL CREEK AT SHELEY TUNNEL, NEAR MOAB, UT.",UT,38.4830403,-109.4040043,74.3022,USA
UT-09312600,09312600,"WHITE RIVER BL TABBYUNE C NEAR SOLDIER SUMMIT, UT",UT,39.87579282,-111.0373878,195.2946,USA
UT-09378170,09378170,"SOUTH CREEK ABOVE RESERVOIR NEAR MONTICELLO, UT",UT,37.84666083,-109.3695625,21.8979,USA
UT-09378630,09378630,"RECAPTURE CREEK NEAR BLANDING, UT",UT,37.75555042,-109.476511,10.4238,USA
UT-09404450,09404450,"EAST FORK VIRGIN RIVER NEAR GLENDALE, UT",UT,37.33942723,-112.6043769,192.96,USA
UT-10023000,10023000,"BIG CREEK NEAR RANDOLPH, UT",UT,41.60994177,-111.2540876,131.4567,USA
UT-10109001,10109001,COM F LOGAN R AB ST D AND LO HP AND SM C N LO UT,UT,41.74437546,-111.7843867,555.5961,USA
UT-10166430,10166430,"WEST CANYON CREEK NEAR CEDAR FORT, UT",UT,40.40522565,-112.1004959,70.173,USA
UT-10172200,10172200,"RED BUTTE CREEK AT FORT DOUGLAS, NEAR SLC, UT",UT,40.77994627,-111.806045,18.68708,USA
UT-10172700,10172700,"VERNON CREEK NEAR VERNON, UT",UT,39.97939105,-112.3802297,69.92911,USA
UT-10172800,10172800,"SOUTH WILLOW CREEK NEAR GRANTSVILLE, UT",UT,40.49633109,-112.5744028,11.0709,USA
UT-10173450,10173450,"MAMMOTH CREEK ABV WEST HATCH DITCH, NEAR HATCH, UT",UT,37.62275721,-112.5168773,268.5276,USA
UT-10205030,10205030,"SALINA CREEK NEAR EMERY, UT",UT,38.911914,-111.530465,134.5977,USA
UT-10234500,10234500,"BEAVER RIVER NEAR BEAVER, UT",UT,38.28052642,-112.5682713,236.4192,USA
UT-10242000,10242000,"COAL CREEK NEAR CEDAR CITY, UT",UT,37.67219924,-113.0346702,208.6857,USA
VA-01620500,01620500,"NORTH RIVER NEAR STOKESVILLE, VA",VA,38.33762566,-79.24003625,44.74026,USA
VA-01632000,01632000,"N F SHENANDOAH RIVER AT COOTES STORE, VA",VA,38.63706254,-78.852803,543.357,USA
VA-01632900,01632900,"SMITH CREEK NEAR NEW MARKET, VA",VA,38.69345016,-78.64279353,245.0484,USA
VA-01634500,01634500,"CEDAR CREEK NEAR WINCHESTER, VA",VA,39.08121763,-78.32944861,263.9817,USA
VA-01638480,01638480,"CATOCTIN CREEK AT TAYLORSTOWN, VA",VA,39.25454651,-77.57637775,231.9951,USA
VA-01644000,01644000,"GOOSE CREEK NEAR LEESBURG, VA",VA,39.01955309,-77.57749181,859.1698,USA
VA-01658500,01658500,"S F QUANTICO CREEK NEAR INDEPENDENT HILL, VA",VA,38.5873427,-77.4285958,19.34224,USA
VA-01664000,01664000,"RAPPAHANNOCK RIVER AT REMINGTON, VA",VA,38.53067996,-77.81360454,1605.101,USA
VA-01666500,01666500,"ROBINSON RIVER NEAR LOCUST DALE, VA",VA,38.32513047,-78.0955557,463.1463,USA
VA-01667500,01667500,"RAPIDAN RIVER NEAR CULPEPER, VA",VA,38.35040774,-77.97499722,1209.747,USA
VA-01669000,01669000,"PISCATAWAY CREEK NEAR TAPPAHANNOCK, VA",VA,37.87708193,-76.90052102,71.84071,USA
VA-01669520,01669520,"DRAGON SWAMP AT MASCOT, VA",VA,37.63375293,-76.69634683,277.3854,USA
VA-02011400,02011400,"JACKSON RIVER NEAR BACOVA, VA",VA,38.04234707,-79.88144394,407.7162,USA
VA-02011460,02011460,"BACK CREEK NEAR SUNRISE, VA",VA,38.24540129,-79.76866328,156.3408,USA
VA-02013000,02013000,"DUNLAP CREEK NEAR COVINGTON, VA",VA,37.80290223,-80.04700431,424.7766,USA
VA-02014000,02014000,"POTTS CREEK NEAR COVINGTON, VA",VA,37.72901408,-80.04228024,396.783,USA
VA-02015700,02015700,"BULLPASTURE RIVER AT WILLIAMSVILLE, VA",VA,38.19540308,-79.57032338,285.4062,USA
VA-02016000,02016000,"COWPASTURE RIVER NEAR CLIFTON FORGE, VA",VA,37.79179587,-79.75949166,1194.551,USA
VA-02017500,02017500,"JOHNS CREEK AT NEW CASTLE, VA",VA,37.50623973,-80.10671504,276.1497,USA
VA-02018000,02018000,"CRAIG CREEK AT PARR, VA",VA,37.66596174,-79.91143881,852.3431,USA
VA-02027000,02027000,"TYE RIVER NEAR LOVINGSTON, VA",VA,37.71541868,-78.98169097,240.7671,USA
VA-02027500,02027500,"PINEY RIVER AT PINEY RIVER, VA",VA,37.70236251,-79.02752541,123.3423,USA
VA-02028500,02028500,"ROCKFISH RIVER NEAR GREENFIELD, VA",VA,37.86958499,-78.82335431,245.4534,USA
VA-02038850,02038850,"HOLIDAY CREEK NEAR ANDERSONVILLE, VA",VA,37.41542434,-78.63583923,22.00359,USA
VA-02046000,02046000,"STONY CREEK NEAR DINWIDDIE, VA",VA,37.06709421,-77.602489,288.5238,USA
VA-02051000,02051000,"NORTH MEHERRIN RIVER NEAR LUNENBURG, VA",VA,36.99737383,-78.34971815,144.8227,USA
VA-02051500,02051500,"MEHERRIN RIVER NEAR LAWRENCEVILLE, VA",VA,36.71681395,-77.83165822,1428.706,USA
VA-02053800,02053800,"S F ROANOKE RIVER NEAR SHAWSVILLE, VA",VA,37.14013231,-80.26643281,280.7226,USA
VA-02055100,02055100,"TINKER CREEK NEAR DALEVILLE, VA",VA,37.41763318,-79.93531928,30.5352,USA
VA-02056900,02056900,"BLACKWATER RIVER NEAR ROCKY MOUNT, VA",VA,37.0451406,-79.8441993,298.1079,USA
VA-02059500,02059500,"GOOSE CREEK NEAR HUDDLESTON, VA",VA,37.17319951,-79.5203076,485.4078,USA
VA-02064000,02064000,"FALLING RIVER NEAR NARUNA, VA",VA,37.12680956,-78.95973745,427.7682,USA
VA-02065500,02065500,"CUB CREEK AT PHENIX, VA",VA,37.07931121,-78.76361777,252.5787,USA
VA-02069700,02069700,"SOUTH MAYO RIVER NEAR NETTLERIDGE, VA",VA,36.57097103,-80.12949277,221.1336,USA
VA-02070000,02070000,"NORTH MAYO RIVER NEAR SPENCER, VA",VA,36.56819358,-79.98726539,270.6084,USA
VA-02074500,02074500,"SANDY RIVER NEAR DANVILLE, VA",VA,36.61958252,-79.50419322,288.531,USA
VA-03164000,03164000,"NEW RIVER NEAR GALAX, VA",VA,36.64734972,-80.978969,2952.736,USA
VA-03165000,03165000,"CHESTNUT CREEK AT GALAX, VA",VA,36.64596133,-80.91924444,101.9961,USA
VA-03170000,03170000,"LITTLE RIVER AT GRAYSONTOWN, VA",VA,37.03762635,-80.55672394,794.6403,USA
VA-03173000,03173000,"WALKER CREEK AT BANE, VA",VA,37.26817845,-80.70951247,773.3151,USA
VA-03471500,03471500,"S F HOLSTON RIVER AT RIVERSIDE NR CHILHOWIE, VA",VA,36.76039313,-81.63122929,198.1611,USA
VA-03473000,03473000,"S F HOLSTON RIVER NEAR DAMASCUS, VA",VA,36.65178127,-81.84401023,784.8126,USA
VA-03488000,03488000,"N F HOLSTON RIVER NEAR SALTVILLE, VA",VA,36.89678115,-81.74622934,578.206,USA
VT-01134500,01134500,"MOOSE RIVER AT VICTORY, VT",VT,44.51172311,-71.8373143,195.1299,USA
VT-01139000,01139000,"WELLS RIVER AT WELLS RIVER, VT",VT,44.15034134,-72.06509154,246.3333,USA
VT-01139800,01139800,"EAST ORANGE BRANCH AT EAST ORANGE, VT",VT,44.09284191,-72.33565327,22.7997,USA
VT-01142500,01142500,"AYERS BROOK AT RANDOLPH, VT",VT,43.93450969,-72.65788214,82.16668,USA
VT-01144000,01144000,"WHITE RIVER AT WEST HARTFORD, VT",VT,43.7142361,-72.41814889,1790.244,USA
VT-01150900,01150900,"OTTAUQUECHEE RIVER NEAR WEST BRIDGEWATER, VT",VT,43.62229069,-72.7589899,61.1667,USA
VT-04296000,04296000,"BLACK RIVER AT COVENTRY, VT",VT,44.86893639,-72.2701042,302.1894,USA
WA-12010000,12010000,"NASELLE RIVER NEAR NASELLE, WA",WA,46.3739937,-123.743482,142.182,USA
WA-12013500,12013500,"WILLAPA RIVER NEAR WILLAPA, WA",WA,46.65093418,-123.6526584,337.6854,USA
WA-12020000,12020000,"CHEHALIS RIVER NEAR DOTY, WA",WA,46.61732361,-123.277644,294.2235,USA
WA-12025000,12025000,"NEWAUKUM RIVER NEAR CHEHALIS, WA",WA,46.6201042,-122.945126,404.9037,USA
WA-12025700,12025700,"SKOOKUMCHUCK RIVER NEAR VAIL, WA",WA,46.77260276,-122.5940086,103.3029,USA
WA-12035000,12035000,"SATSOP RIVER NEAR SATSOP, WA",WA,47.0006512,-123.4948838,769.8996,USA
WA-12040500,12040500,"QUEETS RIVER NEAR CLEARWATER, WA",WA,47.53785884,-124.3157457,1153.437,USA
WA-12041200,12041200,"HOH RIVER AT US HIGHWAY 101 NEAR FORKS, WA",WA,47.80674726,-124.2510329,655.7967,USA
WA-12043000,12043000,"CALAWAH RIVER NEAR FORKS, WA",WA,47.96007697,-124.3929872,337.185,USA
WA-12048000,12048000,"DUNGENESS RIVER NEAR SEQUIM, WA",WA,48.01425781,-123.1326773,405.0063,USA
WA-12054000,12054000,"DUCKABUSH RIVER NEAR BRINNON, WA",WA,47.68398059,-123.0115511,171.675,USA
WA-12056500,12056500,"NF SKOKOMISH R BL STAIRCASE RPDS NR HOODSPORT, WA",WA,47.51425666,-123.3298868,146.9715,USA
WA-12073500,12073500,"HUGE CREEK NEAR WAUNA, WA",WA,47.38926205,-122.6990242,15.6726,USA
WA-12082500,12082500,"NISQUALLY RIVER NEAR NATIONAL, WA",WA,46.75260766,-122.0837194,349.9983,USA
WA-12092000,12092000,"PUYALLUP RIVER NEAR ELECTRON, WA",WA,46.90371641,-122.0351092,240.8814,USA
WA-12095000,12095000,"SOUTH PRAIRIE CREEK AT SOUTH PRAIRIE, WA",WA,47.13954628,-122.0926135,205.8354,USA
WA-12114500,12114500,"CEDAR RIVER BELOW BEAR CREEK NEAR CEDAR FALLS, WA",WA,47.34205417,-121.5489858,66.5559,USA
WA-12115000,12115000,"CEDAR RIVER NEAR CEDAR FALLS, WA",WA,47.37010733,-121.6251009,102.7983,USA
WA-12115500,12115500,"REX RIVER NEAR CEDAR FALLS, WA",WA,47.35066169,-121.6631582,34.7184,USA
WA-12117000,12117000,"TAYLOR CREEK NEAR SELLECK, WA",WA,47.38649132,-121.8462217,44.85363,USA
WA-12141300,12141300,"MIDDLE FORK SNOQUALMIE RIVER NEAR TANNER, WA",WA,47.48593975,-121.6478809,401.5098,USA
WA-12143600,12143600,"SF SNOQUALMIE RIVER AT EDGEWICK, WA",WA,47.45260396,-121.7178847,165.0069,USA
WA-12144000,12144000,"SF SNOQUALMIE RIVER AT NORTH BEND, WA",WA,47.49288017,-121.7901109,210.1059,USA
WA-12145500,12145500,"RAGING RIVER NEAR FALL CITY, WA",WA,47.53982388,-121.9090047,78.9804,USA
WA-12147500,12147500,"NORTH FORK TOLT RIVER NEAR CARNATION, WA",WA,47.71232365,-121.7887272,102.8934,USA
WA-12147600,12147600,"SOUTH FORK TOLT RIVER NEAR INDEX, WA",WA,47.70677144,-121.6001069,14.1264,USA
WA-12167000,12167000,"NF STILLAGUAMISH RIVER NEAR ARLINGTON, WA",WA,48.26149178,-122.0476407,683.7525,USA
WA-12175500,12175500,"THUNDER CREEK NEAR NEWHALEM, WA",WA,48.67262872,-121.0728964,273.8205,USA
WA-12178100,12178100,"NEWHALEM CREEK NEAR NEWHALEM, WA",WA,48.65595877,-121.2384563,69.6834,USA
WA-12186000,12186000,"SAUK RIVER AB WHITECHUCK RIVER NEAR DARRINGTON, WA",WA,48.16872009,-121.4706723,398.4354,USA
WA-12189500,12189500,"SAUK RIVER NEAR SAUK, WA",WA,48.42455859,-121.5684634,1855.317,USA
WA-12447390,12447390,"ANDREWS CREEK NEAR MAZAMA, WA",WA,48.82292454,-120.1459245,58.10103,USA
WA-12451000,12451000,"STEHEKIN RIVER AT STEHEKIN, WA",WA,48.32958017,-120.6917669,830.5974,USA
WA-12488500,12488500,"AMERICAN RIVER NEAR NILE, WA",WA,46.97761606,-121.168696,205.1703,USA
WA-14216500,14216500,"MUDDY CREEK BELOW CLEAR CREEK NEAR COUGAR, WA",WA,46.07566882,-121.9986982,349.524,USA
WA-14222500,14222500,"EAST FORK LEWIS RIVER NEAR HEISSON, WA",WA,45.83678093,-122.4662083,323.8893,USA
WA-14236200,14236200,"TILTON RIVER AB BEAR CANYON CREEK NEAR CINEBAR, WA",WA,46.59538432,-122.4595564,360.9936,USA
WI-04024430,04024430,"NEMADJI RIVER NEAR SOUTH SUPERIOR, WI",WI,46.63327388,-92.09408026,1091.25,USA
WI-04027000,04027000,"BAD RIVER NEAR ODANAH, WI",WI,46.48661442,-90.69629696,1619.847,USA
WI-04063700,04063700,"POPPLE RIVER NEAR FENCE, WI",WI,45.7635697,-88.4631785,362.5712,USA
WI-04074950,04074950,"WOLF RIVER AT LANGLADE, WI",WI,45.18997026,-88.73343978,1205.531,USA
WI-05362000,05362000,"JUMP RIVER AT SHELDON, WI",WI,45.30802638,-90.95652506,1477.292,USA
WI-05393500,05393500,"SPIRIT RIVER AT SPIRIT FALLS, WI",WI,45.44913202,-89.97931083,220.4352,USA
WI-05399500,05399500,"BIG EAU PLEINE RIVER AT STRATFORD, WI",WI,44.82190984,-90.07957543,576.3033,USA
WI-05408000,05408000,"KICKAPOO RIVER AT LA FARGE, WI",WI,43.57414037,-90.64318611,689.3334,USA
WI-05413500,05413500,"GRANT RIVER AT BURTON, WI",WI,42.72027114,-90.81929352,695.3256,USA
WI-05414000,05414000,"PLATTE RIVER NEAR ROCKVILLE, WI",WI,42.73110419,-90.64040529,370.7901,USA
WV-01605500,01605500,"SOUTH BRANCH POTOMAC RIVER AT FRANKLIN, WV",WV,38.63567247,-79.33781993,463.8492,USA
WV-01606500,01606500,"SO. BRANCH POTOMAC RIVER NR PETERSBURG, WV",WV,38.99122107,-79.17587059,1684.547,USA
WV-03050000,03050000,"TYGART VALLEY RIVER NEAR DAILEY, WV",WV,38.809275,-79.8817342,487.287,USA
WV-03066000,03066000,"BLACKWATER R AT DAVIS, WV",WV,39.12705242,-79.46838516,222.7851,USA
WV-03069500,03069500,"CHEAT RIVER NEAR PARSONS, WV",WV,39.12288353,-79.68117409,1856.853,USA
WV-03070500,03070500,"BIG SANDY CREEK AT ROCKVILLE, WV",WV,39.61563755,-79.70477427,517.3794,USA
WV-03180500,03180500,"GREENBRIER RIVER AT DURBIN, WV",WV,38.54372659,-79.83311495,345.0564,USA
WV-03182500,03182500,"GREENBRIER RIVER AT BUCKEYE, WV",WV,38.18595326,-80.13062254,1364.974,USA
WV-03186500,03186500,"WILLIAMS RIVER AT DYER, WV",WV,38.37899915,-80.48397372,329.6805,USA
WV-03187500,03187500,"CRANBERRY RIVER NEAR RICHWOOD, WV",WV,38.29539032,-80.52647493,207.415,USA
WY-06188000,06188000,"LAMAR RIVER NR TOWER FALLS RANGER STATION, YNP",WY,44.92771567,-110.3938099,1730.28,USA
WY-06221400,06221400,"DINWOODY CREEK ABOVE LAKES, NEAR BURRIS, WYO.",WY,43.34551138,-109.4101431,227.8809,USA
WY-06224000,06224000,"BULL LAKE CREEK ABOVE BULL LAKE, WY",WY,43.17690132,-109.2029109,484.8579,USA
WY-06278300,06278300,"SHELL CREEK ABOVE SHELL CREEK RESERVOIR, WY",WY,44.50801953,-107.4036886,58.851,USA
WY-06280300,06280300,"SOUTH FORK SHOSHONE RIVER NEAR VALLEY, WY",WY,44.20828238,-109.5548879,793.953,USA
WY-06309200,06309200,"MIDDLE FORK POWDER RIVER NEAR BARNUM, WY",WY,43.57773999,-107.1383995,117.5427,USA
WY-06311000,06311000,"NORTH FORK POWDER RIVER NEAR HAZELTON, WY",WY,44.02774228,-107.0808955,61.2315,USA
WY-06622700,06622700,"NORTH BRUSH CREEK NEAR SARATOGA, WY",WY,41.37024471,-106.5205815,98.703,USA
WY-06623800,06623800,"ENCAMPMENT RIVER AB HOG PARK CR, NR ENCAMPMENT, WY",WY,41.0235791,-106.824766,187.6617,USA
WY-06632400,06632400,"ROCK CREEK AB KING CANYON CANAL, NR ARLINGTON, WY",WY,41.58524549,-106.2227909,162.9855,USA
WY-09210500,09210500,"FONTENELLE C NR HERSCHLER RANCH, NR FONTENELLE, WY",WY,42.09605297,-110.4165559,398.3094,USA
WY-09223000,09223000,"HAMS FORK BELOW POLE CREEK, NEAR FRONTIER, WY",WY,42.11049394,-110.7096212,333.153,USA
WY-13010065,13010065,SNAKE RIVER AB JACKSON LAKE AT FLAGG RANCH WY,WY,44.09888889,-110.6675,1222.287,USA
WY-13011500,13011500,PACIFIC CREEK AT MORAN WY,WY,43.85027778,-110.5177778,404.0775,USA
WY-13011900,13011900,BUFFALO FORK AB LAVA CREEK NR MORAN WY,WY,43.83805556,-110.4411111,851.8032,USA
WY-13018300,13018300,"CACHE CREEK NEAR JACKSON, WY",WY,43.45215258,-110.7040913,27.90146,USA
WY-13023000,13023000,GREYS RIVER AB RESERVOIR NR ALPINE WY,WY,43.14277778,-110.9766667,1161.929,USA
YT-09AC001,09AC001,TAKHINI RIVER NEAR WHITEHORSE,YT,60.85110855,-135.7411041,7050,CAN
YT-09BC001,09BC001,PELLY RIVER AT PELLY CROSSING,YT,62.82971954,-136.5805664,48900,CAN
YT-09FC001,09FC001,OLD CROW RIVER NEAR THE MOUTH,YT,67.63443756,-139.6963959,13900,CAN