,STATION ID,STATION NA,PROV,AREA,COUNTRY,GLA AREA,GLA PERC
AB-05AD005,05AD005,BELLY RIVER NEAR MOUNTAIN VIEW,AB,318.22495279401545,CAN,4.733611540186062,1.487504829091794
AB-05AD003,05AD003,WATERTON RIVER NEAR WATERTON PARK,AB,610.7394470461032,CAN,3.4361144890824,0.562615450123859
AB-07OB003,07OB003,HAY RIVER NEAR MEANDER RIVER,AB,36706.54375234517,CAN,0.0,0.0
AB-07KE001,07KE001,BIRCH RIVER BELOW ALICE CREEK,AB,9805.504585308056,CAN,0.0,0.0
AB-07JC001,07JC001,LAFOND CREEK NEAR RED EARTH CREEK,AB,489.6492800169543,CAN,0.0,0.0
AB-07GG001,07GG001,WASKAHIGAN RIVER NEAR THE MOUTH,AB,1032.5123336929369,CAN,0.0,0.0
AB-07CD001,07CD001,CLEARWATER RIVER AT DRAPER,AB,30641.755787543774,CAN,0.0,0.0
AB-07AH002,07AH002,CHRISTMAS CREEK NEAR BLUE RIDGE,AB,421.2544284741805,CAN,0.0,0.0
AB-07AA002,07AA002,ATHABASCA RIVER NEAR JASPER,AB,3857.3223261507223,CAN,264.563438197507,6.858732971416435
AB-07AA001,07AA001,MIETTE RIVER NEAR JASPER,AB,625.9784259914578,CAN,2.997998802288116,0.478930052188257
AB-06AB002,06AB002,WOLF RIVER AT OUTLET OF WOLF LAKE,AB,722.49742746819,CAN,0.0,0.0
AB-05FB002,05FB002,IRON CREEK NEAR HARDISTY,AB,3486.206327147248,CAN,0.0,0.0
AB-07DD002,07DD002,RICHARDSON RIVER NEAR THE MOUTH,AB,2716.929013478315,CAN,0.0,0.0
AB-05DA010,05DA010,SILVERHORN CREEK NEAR THE MOUTH,AB,20.94930185236895,CAN,0.282400203593119,1.348017254146277
AB-11AA026,11AA026,SAGE CREEK AT Q RANCH NEAR WILDHORSE,AB,455.6690903463707,CAN,0.0,0.0
AB-05AA008,05AA008,CROWSNEST RIVER AT FRANK,AB,401.3215638631762,CAN,0.0,0.0
AB-05DE007,05DE007,ROSE CREEK NEAR ALDER FLATS,AB,556.7321216726876,CAN,0.0,0.0
AB-05BA002,05BA002,PIPESTONE RIVER NEAR LAKE LOUISE,AB,304.97533187785837,CAN,5.658569688507042,1.855418814913621
AB-05BB001,05BB001,BOW RIVER AT BANFF,AB,2201.4169490464437,CAN,43.64137982816128,1.982422268851195
AB-05BL022,05BL022,CATARACT CREEK NEAR FORESTRY ROAD,AB,164.89299810977224,CAN,0.0,0.0
AB-05BM014,05BM014,WEST ARROWWOOD CREEK NEAR ARROWWOOD,AB,773.7182455459282,CAN,0.0,0.0
AB-05DA007,05DA007,MISTAYA RIVER NEAR SASKATCHEWAN CROSSING,AB,247.10220548766617,CAN,22.31622534140929,9.031172059904248
AB-05DA009,05DA009,NORTH SASKATCHEWAN RIVER AT WHIRLPOOL POINT,AB,1915.8333129463683,CAN,239.44816283957968,12.498381838414288
BC-08HA003,08HA003,KOKSILAH RIVER AT COWICHAN STATION,BC,225.63712320764571,CAN,0.0,0.0
BC-08HA001,08HA001,CHEMAINUS RIVER NEAR WESTHOLME,BC,353.5807109329598,CAN,0.0,0.0
BC-08GA061,08GA061,MACKAY CREEK AT MONTROYAL BOULEVARD,BC,3.411328294243486,CAN,0.0,0.0
BC-08GA010,08GA010,CAPILANO RIVER ABOVE INTAKE,BC,172.4585601636419,CAN,0.0,0.0
BC-08FB006,08FB006,ATNARKO RIVER NEAR THE MOUTH,BC,2541.028350108829,CAN,9.264984452507205,0.364615548351139
BC-08CG001,08CG001,ISKUT RIVER BELOW JOHNSON RIVER,BC,9453.298443685597,CAN,1161.7154467788646,12.288995779614272
BC-08HB002,08HB002,ENGLISHMAN RIVER NEAR PARKSVILLE,BC,317.92522099422587,CAN,0.0,0.0
BC-08CD001,08CD001,TUYA RIVER NEAR TELEGRAPH CREEK,BC,3536.0226033105596,CAN,0.0,0.0
BC-07FC003,07FC003,BLUEBERRY RIVER BELOW AITKEN CREEK,BC,1763.310621129681,CAN,0.0,0.0
BC-07FB001,07FB001,PINE RIVER AT EAST PINE,BC,12071.027281064007,CAN,14.56557540507995,0.120665582687641
BC-07EE009,07EE009,CHUCHINKA CREEK NEAR THE MOUTH,BC,308.91917621495486,CAN,0.0,0.0
BC-08HB008,08HB008,SPROAT RIVER NEAR ALBERNI,BC,349.8045470564478,CAN,0.0,0.0
BC-08ED001,08ED001,NANIKA RIVER AT OUTLET OF KIDPRICE LAKE,BC,728.7992459122127,CAN,20.45975427059935,2.807323743178492
BC-08HF004,08HF004,TSITIKA RIVER BELOW CATHERINE CREEK,BC,363.35124618372373,CAN,0.0,0.0
BC-08NH084,08NH084,ARROW CREEK NEAR ERICKSON,BC,78.09236078894618,CAN,0.0,0.0
BC-08NH130,08NH130,FRY CREEK BELOW CARNEY CREEK,BC,583.0496664734524,CAN,8.047181940052418,1.380188070207708
BC-10CD001,10CD001,MUSKWA RIVER NEAR FORT NELSON,BC,20172.528275616532,CAN,131.1997018107932,0.650387993107341
BC-10CB001,10CB001,SIKANNI CHIEF RIVER NEAR FORT NELSON,BC,2173.747516746998,CAN,2.182579162120236,0.100406286622765
BC-08NJ130,08NJ130,ANDERSON CREEK NEAR NELSON,BC,8.335387391049126,CAN,0.0,0.0
BC-10BE007,10BE007,TROUT RIVER AT KILOMETRE 783.7 ALASKA HIGHWAY,BC,1167.5100297423965,CAN,0.0,0.0
BC-10BE004,10BE004,TOAD RIVER ABOVE NONDA CREEK,BC,2529.006929310906,CAN,11.319451496605287,0.447584835194167
BC-09AE003,09AE003,SWIFT RIVER NEAR SWIFT RIVER,BC,3374.8486187143103,CAN,0.0,0.0
BC-09AA006,09AA006,ATLIN RIVER NEAR ATLIN,BC,6823.212032592862,CAN,599.1441354977351,8.78096903094563
BC-08NN015,08NN015,WEST KETTLE RIVER NEAR MCCULLOCH,BC,232.6285267317427,CAN,0.0,0.0
BC-08NM174,08NM174,WHITEMAN CREEK ABOVE BOULEAU CREEK,BC,113.16499534466298,CAN,0.0,0.0
BC-08NH016,08NH016,DUCK CREEK NEAR WYNNDEL,BC,49.42283443565916,CAN,0.0,0.0
BC-08NL070,08NL070,SIMILKAMEEN RIVER ABOVE GOODFELLOW CREEK,BC,406.7861922196324,CAN,0.16401940173318,0.040320788873931
BC-08NH005,08NH005,KASLO RIVER BELOW KEMP CREEK,BC,440.07964731808096,CAN,1.61017749773207,0.365883200358108
BC-08NE077,08NE077,BARNES CREEK NEAR NEEDLES,BC,202.92429272841198,CAN,0.0,0.0
BC-08JB002,08JB002,STELLAKO RIVER AT GLENANNAN,BC,4002.380926670371,CAN,1.417584604332068,0.035418532875914
BC-08JE001,08JE001,STUART RIVER NEAR FORT ST. JAMES,BC,14148.18922000982,CAN,5.50178744120408,0.038886866408479
BC-08KA009,08KA009,MCKALE RIVER NEAR 940 M CONTOUR,BC,252.33181426756641,CAN,0.051163120137044,0.020276127402148
BC-08LA001,08LA001,CLEARWATER RIVER NEAR CLEARWATER STATION,BC,10285.901659222905,CAN,174.94332481648763,1.700806896784044
BC-08LD001,08LD001,ADAMS RIVER NEAR SQUILAX,BC,3193.2885884777866,CAN,33.82239186208544,1.059171162422507
BC-08LG016,08LG016,PENNASK CREEK NEAR QUILCHENA,BC,87.30328097511729,CAN,0.0,0.0
BC-08NF001,08NF001,KOOTENAY RIVER AT KOOTENAY CROSSING,BC,414.75859109242725,CAN,0.179903403704886,0.043375449615411
BC-08MA002,08MA002,CHILKO RIVER AT OUTLET OF CHILKO LAKE,BC,2126.07018856212,CAN,150.81583400249878,7.093643230306373
BC-08MG005,08MG005,LILLOOET RIVER NEAR PEMBERTON,BC,2090.7324795352033,CAN,366.18109970269114,17.514488500417706
BC-08MH006,08MH006,"NORTH ALOUETTE RIVER AT 232ND STREET, MAPLE RIDGE",BC,35.058373395653824,CAN,0.0,0.0
BC-08MH016,08MH016,CHILLIWACK RIVER AT OUTLET OF CHILLIWACK LAKE,BC,334.04082768994937,CAN,7.787567974950794,2.331322200584137
BC-08NB005,08NB005,COLUMBIA RIVER AT DONALD,BC,9660.887252455303,CAN,241.91246912084446,2.504039875419959
BC-08NC004,08NC004,CANOE RIVER BELOW KIMMEL CREEK,BC,303.65833846876035,CAN,53.78770855298353,17.713232847224145
BC-08ND013,08ND013,ILLECILLEWAET RIVER AT GREELEY,BC,1145.2841718213642,CAN,56.074671091674496,4.896136039538382
BC-08NE006,08NE006,KUSKANAX CREEK NEAR NAKUSP,BC,328.8281167765378,CAN,0.000749054287414,0.000227795084787
BC-08MB006,08MB006,BIG CREEK ABOVE GROUNDHOG CREEK,BC,1007.1475636997083,CAN,6.339856184395579,0.629486324834707
BC-08NL007,08NL007,SIMILKAMEEN RIVER AT PRINCETON,BC,1805.0210352840545,CAN,0.410660599608979,0.02275101461875
MB-04AD002,04AD002,GODS RIVER NEAR SHAMATTAWA,MB,65778.7563566703,CAN,0.0,0.0
MB-05UH002,05UH002,WEIR RIVER ABOVE THE MOUTH,MB,2180.110632255413,CAN,0.0,0.0
MB-05LG004,05LG004,NORTH DUCK RIVER AT COWAN,MB,227.10083609294475,CAN,0.0,0.0
MB-05LJ005,05LJ005,OCHRE RIVER AT OCHRE RIVER,MB,346.719791132706,CAN,0.0,0.0
MB-05LJ019,05LJ019,MINK CREEK NEAR ETHELBERT,MB,134.62577440983145,CAN,0.0,0.0
MB-05LL027,05LL027,PELICAN CREEK SOUTH TRIBUTARY NEAR BIRNIE,MB,9.132880139428515,CAN,0.0,0.0
MB-05MG004,05MG004,OAK RIVER NEAR RIVERS,MB,1161.8305032067506,CAN,0.0,0.0
MB-05NF002,05NF002,ANTLER RIVER NEAR MELITA,MB,3207.866856150444,CAN,0.0,0.0
MB-05OF014,05OF014,SHANNON CREEK NEAR MORRIS,MB,615.0366965147388,CAN,0.0,0.0
MB-05OF017,05OF017,SOUTH TOBACCO CREEK NEAR MIAMI,MB,73.93918118518906,CAN,0.0,0.0
MB-05SA002,05SA002,BROKENHEAD RIVER NEAR BEAUSEJOUR,MB,1571.386002401396,CAN,0.0,0.0
MB-05TD001,05TD001,GRASS RIVER ABOVE STANDING STONE FALLS,MB,15342.259161577513,CAN,0.0,0.0
MB-05TG002,05TG002,TAYLOR RIVER NEAR THOMPSON,MB,881.576043450795,CAN,0.0,0.0
MB-06FB002,06FB002,LITTLE BEAVER RIVER NEAR THE MOUTH,MB,4252.785612731215,CAN,0.0,0.0
MB-06GD001,06GD001,SEAL RIVER BELOW GREAT ISLAND,MB,47901.91020051414,CAN,0.0,0.0
MB-05LD001,05LD001,OVERFLOWING RIVER AT OVERFLOWING RIVER,MB,3091.2881188297692,CAN,0.0,0.0
MB-05LH005,05LH005,WATERHEN RIVER NEAR WATERHEN,MB,54844.42764176053,CAN,0.0,0.0
ME-01AD002,01AD002,SAINT JOHN RIVER AT FORT KENT,ME,14664.785255824556,CAN,0.0,0.0
NB-01AQ001,01AQ001,LEPREAU RIVER AT LEPREAU,NB,230.03536464549964,CAN,0.0,0.0
NB-01BV006,01BV006,POINT WOLFE RIVER AT FUNDY NATIONAL PARK,NB,135.5610738836852,CAN,0.0,0.0
NB-01BU002,01BU002,PETITCODIAC RIVER NEAR PETITCODIAC,NB,409.79907922365464,CAN,0.0,0.0
NB-01BS001,01BS001,COAL BRANCH RIVER AT BEERSVILLE,NB,178.63201130820406,CAN,0.0,0.0
NB-01BQ001,01BQ001,NORTHWEST MIRAMICHI RIVER AT TROUT BROOK,NB,970.0038355553721,CAN,0.0,0.0
NB-01BP001,01BP001,LITTLE SOUTHWEST MIRAMICHI RIVER AT LYTTLETON,NB,1322.7846380075823,CAN,0.0,0.0
NB-01BO001,01BO001,SOUTHWEST MIRAMICHI RIVER AT BLACKVILLE,NB,5113.9813228013945,CAN,0.0,0.0
NB-01BL002,01BL002,RIVIERE CARAQUET AT BURNSVILLE,NB,175.47114563578486,CAN,0.0,0.0
NB-01BJ003,01BJ003,JACQUET RIVER NEAR DURHAM CENTRE,NB,499.403345658192,CAN,0.0,0.0
NB-01BE001,01BE001,UPSALQUITCH RIVER AT UPSALQUITCH,NB,2263.860963243925,CAN,0.0,0.0
NB-01BC001,01BC001,RESTIGOUCHE RIVER BELOW KEDGWICK RIVER,NB,3158.653055831927,CAN,0.0,0.0
NB-01AP002,01AP002,CANAAN RIVER AT EAST CANAAN,NB,667.5259854862445,CAN,0.0,0.0
NB-01AK001,01AK001,SHOGOMOC STREAM NEAR TRANS CANADA HIGHWAY,NB,233.42613572232142,CAN,0.0,0.0
NB-01AJ010,01AJ010,BECAGUIMEC STREAM AT COLDSTREAM,NB,342.6455020945371,CAN,0.0,0.0
NB-01AJ004,01AJ004,BIG PRESQUE ISLE STREAM AT TRACEY MILLS,NB,486.33549678859504,CAN,0.0,0.0
NB-01AP004,01AP004,KENNEBECASIS RIVER AT APOHAQUI,NB,1100.7833381473224,CAN,0.0,0.0
NB-01AD003,01AD003,ST. FRANCIS RIVER AT OUTLET OF GLASIER LAKE,NB,1354.825388337952,CAN,0.0,0.0
NL-03NF001,03NF001,UGJOKTOK RIVER BELOW HARP LAKE,NL,7528.564058863208,CAN,0.0,0.0
NL-02YC001,02YC001,TORRENT RIVER AT BRISTOL'S POOL,NL,618.0191893750681,CAN,0.0,0.0
NL-03QC001,03QC001,EAGLE RIVER ABOVE FALLS,NL,10921.130867435091,CAN,0.0,0.0
NL-02YN004,02YN004,STAR BROOK ABOVE STAR LAKE,NL,276.93188294848386,CAN,0.0,0.0
NL-02YQ001,02YQ001,GANDER RIVER AT BIG CHUTE,NL,4435.210152786144,CAN,0.0,0.0
NL-03QC002,03QC002,ALEXIS RIVER NEAR PORT HOPE SIMPSON,NL,2296.424148003228,CAN,0.0,0.0
NL-02YR001,02YR001,MIDDLE BROOK NEAR GAMBO,NL,265.1456618754247,CAN,0.0,0.0
NL-02YS003,02YS003,SOUTHWEST BROOK AT TERRA NOVA NATIONAL PARK,NL,38.45192047755317,CAN,0.0,0.0
NL-02ZB001,02ZB001,ISLE AUX MORTS RIVER BELOW HIGHWAY BRIDGE,NL,203.81246009747866,CAN,0.0,0.0
NL-02YJ001,02YJ001,HARRYS RIVER BELOW HIGHWAY BRIDGE,NL,616.3718259530611,CAN,0.0,0.0
NL-02ZG001,02ZG001,GARNISH RIVER NEAR GARNISH,NL,210.16262969350402,CAN,0.0,0.0
NL-02ZF001,02ZF001,BAY DU NORD RIVER AT BIG FALLS,NL,1168.9039298922933,CAN,0.0,0.0
NL-02ZH001,02ZH001,PIPERS HOLE RIVER AT MOTHERS BROOK,NL,762.4180658038878,CAN,0.0,0.0
NL-02ZK001,02ZK001,ROCKY RIVER NEAR COLINET,NL,294.5962958619309,CAN,0.0,0.0
NL-02ZM006,02ZM006,NORTHEAST POND RIVER AT NORTHEAST POND,NL,3.698744381418017,CAN,0.0,0.0
NL-02YL001,02YL001,UPPER HUMBER RIVER NEAR REIDVILLE,NL,2095.8254169940287,CAN,0.0,0.0
NS-01EC001,01EC001,ROSEWAY RIVER AT LOWER OHIO,NS,495.86457379017065,CAN,0.0,0.0
NS-01DL001,01DL001,KELLEY RIVER (MILL CREEK) AT EIGHT MILE FORD,NS,66.63184762261855,CAN,0.0,0.0
NS-01DG003,01DG003,BEAVERBANK RIVER NEAR KINSAC,NS,96.29562983261297,CAN,0.0,0.0
NS-01ED005,01ED005,MERSEY RIVER BELOW GEORGE LAKE,NS,719.7212174271598,CAN,0.0,0.0
NS-01ED007,01ED007,MERSEY RIVER BELOW MILL FALLS,NS,286.8322960020275,CAN,0.0,0.0
NS-01EF001,01EF001,LAHAVE RIVER AT WEST NORTHFIELD,NS,1248.35825990215,CAN,0.0,0.0
NS-01EO001,01EO001,ST. MARYS RIVER AT STILLWATER,NS,1338.4160248340916,CAN,0.0,0.0
NS-01FA001,01FA001,RIVER INHABITANTS AT GLENORA,NS,193.5369293010221,CAN,0.0,0.0
NS-01DP004,01DP004,MIDDLE RIVER OF PICTOU AT ROCKLIN,NS,94.04928291658985,CAN,0.0,0.0
NS-01FB003,01FB003,SOUTHWEST MARGAREE RIVER NEAR UPPER MARGAREE,NS,359.4112575939505,CAN,0.0,0.0
NS-01FB001,01FB001,NORTHEAST MARGAREE RIVER AT MARGAREE VALLEY,NS,365.06645204668564,CAN,0.0,0.0
NT-10JC003,10JC003,GREAT BEAR RIVER AT OUTLET OF GREAT BEAR LAKE,NT,145713.5938659535,CAN,0.0,0.0
NT-10GB006,10GB006,WILLOWLAKE RIVER ABOVE METAHDALI CREEK,NT,20569.5957641216,CAN,0.0,0.0
NT-10GA001,10GA001,ROOT RIVER NEAR THE MOUTH,NT,9773.716734343525,CAN,0.0,0.0
NT-10FB006,10FB006,MACKENZIE RIVER AT STRONG POINT,NT,49343.79625373341,CAN,0.0,0.0
NT-10FA002,10FA002,TROUT RIVER AT HIGHWAY NO. 1,NT,9160.452363935066,CAN,0.0,0.0
NT-10EB001,10EB001,SOUTH NAHANNI RIVER ABOVE VIRGINIA FALLS,NT,14472.874547040781,CAN,297.18419883856416,2.05338751381168
NT-10LA002,10LA002,ARCTIC RED RIVER NEAR THE MOUTH,NT,18621.264684975635,CAN,28.89631751709917,0.155179135284049
NT-10LC007,10LC007,CARIBOU CREEK ABOVE HIGHWAY NO. 8 (DEMPSTER HIGHWAY),NT,608.28729489194,CAN,0.0,0.0
NT-07RD001,07RD001,LOCKHART RIVER AT OUTLET OF ARTILLERY LAKE,NT,26402.20420475879,CAN,0.0,0.0
NT-07OB001,07OB001,HAY RIVER NEAR HAY RIVER,NT,51109.5702134288,CAN,0.0,0.0
NT-10MC002,10MC002,PEEL RIVER ABOVE FORT MCPHERSON,NT,70213.74823202,CAN,10.221437266375466,0.014557600931087
NT-10NC001,10NC001,ANDERSON RIVER BELOW CARNWATH RIVER,NT,55847.40644216767,CAN,0.0,0.0
NT-10ND002,10ND002,TRAIL VALLEY CREEK NEAR INUVIK,NT,64.91727991445404,CAN,0.0,0.0
NU-10UH001,10UH001,SYLVIA GRINNELL RIVER NEAR IQALUIT,NU,2967.666731504289,CAN,0.0,0.0
NU-10TF001,10TF001,FRESHWATER CREEK NEAR CAMBRIDGE BAY,NU,1557.4525188608372,CAN,0.0,0.0
NU-10RC001,10RC001,BACK RIVER ABOVE HERMANN RIVER,NU,96326.58952347563,CAN,0.0,0.0
NU-10QD001,10QD001,ELLICE RIVER NEAR THE MOUTH,NU,16980.541334965797,CAN,0.0,0.0
NU-06KC003,06KC003,DUBAWNT RIVER AT OUTLET OF MARJORIE LAKE,NU,66883.60839687125,CAN,0.0,0.0
NU-06LC001,06LC001,KAZAN RIVER ABOVE KAZAN FALLS,NU,68449.33983939326,CAN,0.0,0.0
NU-06LA001,06LA001,KAZAN RIVER AT OUTLET OF ENNADAI LAKE,NU,21183.119697901388,CAN,0.0,0.0
ON-02AB008,02AB008,NEEBING RIVER NEAR THUNDER BAY,ON,211.51256442110704,CAN,0.0,0.0
ON-02BF002,02BF002,GOULAIS RIVER NEAR SEARCHMONT,ON,1135.5983679714327,CAN,0.0,0.0
ON-02LB007,02LB007,SOUTH NATION RIVER AT SPENCERVILLE,ON,216.92357262219312,CAN,0.0,0.0
ON-02EA005,02EA005,NORTH MAGNETAWAN RIVER NEAR BURK'S FALLS,ON,328.055819245845,CAN,0.0,0.0
ON-04LJ001,04LJ001,MISSINAIBI RIVER AT MATTICE,ON,8547.667468719905,CAN,0.0,0.0
ON-05PB014,05PB014,TURTLE RIVER NEAR MINE CENTRE,ON,4752.5987016934605,CAN,0.0,0.0
ON-04JC002,04JC002,NAGAGAMI RIVER AT HIGHWAY NO. 11,ON,2171.2865062012506,CAN,0.0,0.0
ON-02CF008,02CF008,WHITSON RIVER AT VAL CARON,ON,196.89993978433614,CAN,0.0,0.0
ON-02JC008,02JC008,BLANCHE RIVER ABOVE ENGLEHART,ON,1776.997576927504,CAN,0.0,0.0
ON-02HL004,02HL004,SKOOTAMATTA RIVER NEAR ACTINOLITE,ON,676.1804271775587,CAN,0.0,0.0
ON-02GA010,02GA010,NITH RIVER NEAR CANNING,ON,1032.362053732821,CAN,0.0,0.0
ON-02FC001,02FC001,SAUGEEN RIVER NEAR PORT ELGIN,ON,3945.488485856039,CAN,0.0,0.0
ON-02FB007,02FB007,SYDENHAM RIVER NEAR OWEN SOUND,ON,182.58978811489305,CAN,0.0,0.0
ON-02EC002,02EC002,BLACK RIVER NEAR WASHAGO,ON,1506.9503266500278,CAN,0.0,0.0
ON-02KB001,02KB001,PETAWAWA RIVER NEAR PETAWAWA,ON,4112.272242681202,CAN,0.0,0.0
PE-01CB004,01CB004,WILMOT RIVER NEAR WILMOT VALLEY,PE,46.05609306604457,CAN,0.0,0.0
PE-01CA003,01CA003,CARRUTHERS BROOK NEAR ST. ANTHONY,PE,48.304480241716426,CAN,0.0,0.0
SK-05HC005,05HC005,ANTELOPE CREEK NEAR CABRI,SK,1662.8150797115206,CAN,0.0,0.0
SK-05HE001,05HE001,SNAKEBITE CREEK NEAR BEECHY,SK,855.1673329966723,CAN,0.0,0.0
SK-05JB004,05JB004,NOTUKEU CREEK ABOVE ADMIRAL RESERVOIR,SK,461.4181613289793,CAN,0.0,0.0
SK-05HA003,05HA003,BEAR CREEK NEAR PIAPOT,SK,254.9831529584275,CAN,0.0,0.0
SK-05KJ014,05KJ014,PASQUIA RIVER AT HIGHWAY NO. 9,SK,73.97156685117648,CAN,0.0,0.0
SK-06CD002,06CD002,CHURCHILL RIVER ABOVE OTTER RAPIDS,SK,117984.9944239489,CAN,0.0,0.0
SK-05LE011,05LE011,MALONECK CREEK NEAR PELLY,SK,165.9755853025706,CAN,0.0,0.0
SK-11AB075,11AB075,LYONS CREEK AT INTERNATIONAL BOUNDARY,SK,173.4731309608289,CAN,0.0,0.0
SK-05NF006,05NF006,LIGHTNING CREEK NEAR CARNDUFF,SK,746.798611823637,CAN,0.0,0.0
SK-05NF010,05NF010,ANTLER RIVER NEAR WAUCHOPE,SK,346.37583473533726,CAN,0.0,0.0
SK-06BD001,06BD001,HAULTAIN RIVER ABOVE NORBERT RIVER,SK,3651.722073176886,CAN,0.0,0.0
SK-06DA004,06DA004,GEIKIE RIVER BELOW WHEELER RIVER,SK,7690.679942138156,CAN,0.0,0.0
SK-07LE002,07LE002,FOND DU LAC RIVER AT OUTLET OF BLACK LAKE,SK,50463.29596674712,CAN,0.0,0.0
SK-05LD003,05LD003,OVERFLOWING RIVER NEAR HUDSON BAY,SK,348.66270647667886,CAN,0.0,0.0
SK-11AB117,11AB117,BATTLE CREEK AT ALBERTA BOUNDARY,SK,110.2146904703944,CAN,0.0,0.0
YT-09FC001,09FC001,OLD CROW RIVER NEAR THE MOUTH,YT,13766.713232013402,CAN,0.0,0.0
YT-09BC001,09BC001,PELLY RIVER AT PELLY CROSSING,YT,48570.18367504999,CAN,22.497828859084063,0.046320246613852
YT-09AC001,09AC001,TAKHINI RIVER NEAR WHITEHORSE,YT,7005.774278317395,CAN,169.98157547234032,2.426306768095952
AK-15072000,15072000,FISH C NR KETCHIKAN AK,AK,91.19,USA,0.0,0.0
AK-15085100,15085100,OLD TOM C NR KASAAN AK,AK,15.28,USA,0.0,0.0
AK-15129500,15129500,SITUK R NR YAKUTAT AK,AK,93.14,USA,0.195516817637756,0.209917132958725
AK-15239050,15239050,MF BRADLEY R NR HOMER AK,AK,23.7,USA,6.966030538124036,29.39253391613517
AK-15266300,15266300,KENAI R AT SOLDOTNA AK,AK,5192.11,USA,632.7141120479054,12.186069094219988
AK-15290000,15290000,L SUSITNA R NR PALMER AK,AK,162.23,USA,1.738963429243401,1.0719123646942
AK-15292700,15292700,TALKEETNA R NR TALKEETNA AK,AK,5219.03,USA,239.59158304474713,4.590730136533937
AK-15478040,15478040,PHELAN C NR PAXSON AK,AK,29.92,USA,21.37181009405829,71.42984657105043
AK-15484000,15484000,SALCHA R NR SALCHAKET AK,AK,5737.26,USA,0.0,0.0
AK-15493000,15493000,CHENA R NR TWO RIVERS AK,AK,2419.0,USA,0.0,0.0
AK-15511000,15511000,L CHENA R NR FAIRBANKS AK,AK,886.71,USA,0.0,0.0
AK-15896000,15896000,KUPARUK R NR DEADHORSE AK,AK,8654.48,USA,0.0,0.0
AK-15908000,15908000,SAGAVANIRKTOK R NR PUMP STA 3 AK,AK,4821.85,USA,25.032647462666652,0.519150273498069
AL-02342933,02342933,SOUTH FORK COWIKEE CREEK NEAR BATESVILLE AL,AL,290.1,USA,0.0,0.0
AL-02361000,02361000,"CHOCTAWHATCHEE RIVER NEAR NEWTON, AL.",AL,1781.61,USA,0.0,0.0
AL-02363000,02363000,PEA RIVER NEAR ARITON AL,AL,1292.51,USA,0.0,0.0
AL-02369800,02369800,BLACKWATER RIVER NEAR BRADLEY AL,AL,227.51,USA,0.0,0.0
AL-02371500,02371500,CONECUH RIVER AT BRANTLEY AL,AL,1292.78,USA,0.0,0.0
AL-02372250,02372250,PATSALIGA CREEK NEAR BRANTLEY AL,AL,1145.22,USA,0.0,0.0
AL-02374500,02374500,MURDER CREEK NEAR EVERGREEN AL,AL,445.72,USA,0.0,0.0
AL-02408540,02408540,HATCHET CREEK BELOW ROCKFORD AL,AL,682.41,USA,0.0,0.0
AL-02415000,02415000,HILLABEE CREEK NEAR HACKNEYVILLE AL,AL,491.38,USA,0.0,0.0
AL-02422500,02422500,MULBERRY CREEK AT JONES AL,AL,527.55,USA,0.0,0.0
AL-02427250,02427250,"PINE BARREN CREEK NEAR SNOW HILL, AL.",AL,675.24,USA,0.0,0.0
AL-02450250,02450250,SIPSEY FORK NEAR GRAYSON AL,AL,231.82,USA,0.0,0.0
AL-02464000,02464000,NORTH RIVER NEAR SAMANTHA AL,AL,578.95,USA,0.0,0.0
AL-02464146,02464146,TURKEY CREEK NEAR TUSCALOOSA,AL,15.82,USA,0.0,0.0
AL-02464360,02464360,BINION CREEK BELOW GIN CREEK NEAR SAMANTHA AL,AL,148.62,USA,0.0,0.0
AL-02465493,02465493,ELLIOTTS CREEK AT MOUNDVILLE AL,AL,83.42,USA,0.0,0.0
AL-02469800,02469800,SATILPA CREEK NEAR COFFEEVILLE AL,AL,422.68,USA,0.0,0.0
AL-03574500,03574500,PAINT ROCK RIVER NEAR WOODVILLE AL,AL,813.8,USA,0.0,0.0
AR-07056000,07056000,"Buffalo River near St. Joe, AR",AR,2149.36,USA,0.0,0.0
AR-07060710,07060710,"North Sylamore Creek near Fifty Six, AR",AR,150.03,USA,0.0,0.0
AR-07195800,07195800,"Flint Creek at Springtown, AR",AR,38.23,USA,0.0,0.0
AR-07196900,07196900,"Baron Fork at Dutch Mills, AR",AR,106.35,USA,0.0,0.0
AR-07261000,07261000,"Cadron Creek near Guy, AR",AR,445.81,USA,0.0,0.0
AR-07263295,07263295,"Maumelle River at Williams Junction, AR",AR,119.03,USA,0.0,0.0
AR-07340300,07340300,"Cossatot River near Vandervoort, AR",AR,230.44,USA,0.0,0.0
AR-07359610,07359610,"Caddo River near Caddo Gap, AR",AR,342.23,USA,0.0,0.0
AR-07362100,07362100,"SMACKOVER CREEK NEAR SMACKOVER, ARK.",AR,996.08,USA,0.0,0.0
AR-07362587,07362587,"Alum Fork Saline River near Reform, AR",AR,69.77,USA,0.0,0.0
AZ-09447800,09447800,"BONITA CREEK NEAR MORENCI, AZ.",AZ,781.96,USA,0.0,0.0
AZ-09480000,09480000,"SANTA CRUZ RIVER NEAR LOCHIEL, AZ.",AZ,213.38,USA,0.0,0.0
AZ-09484000,09484000,"SABINO CREEK NEAR TUCSON, AZ.",AZ,103.65,USA,0.0,0.0
AZ-09484600,09484600,"PANTANO WASH NEAR VAIL, AZ.",AZ,1179.59,USA,0.0,0.0
AZ-09492400,09492400,"EAST FORK WHITE RIVER NEAR FORT APACHE, AZ.",AZ,128.97,USA,0.0,0.0
AZ-09494000,09494000,"WHITE RIVER NEAR FORT APACHE, AZ.",AZ,1628.23,USA,0.0,0.0
AZ-09497800,09497800,"CIBECUE CREEK NEAR CHYSOTILE, AZ.",AZ,750.86,USA,0.0,0.0
AZ-09497980,09497980,"CHERRY CREEK NEAR GLOBE, AZ.",AZ,516.8,USA,0.0,0.0
AZ-09505200,09505200,"WET BEAVER CREEK NEAR RIMROCK, AZ.",AZ,285.68,USA,0.0,0.0
AZ-09505350,09505350,"DRY BEAVER CREEK NEAR RIMROCK, AZ.",AZ,365.66,USA,0.0,0.0
AZ-09505800,09505800,"WEST CLEAR CREEK NEAR CAMP VERDE, AZ.",AZ,614.94,USA,0.0,0.0
AZ-09508300,09508300,"WET BOTTOM CREEK NEAR CHILDS, AZ.",AZ,93.0,USA,0.0,0.0
AZ-09510200,09510200,"SYCAMORE CREEK NEAR FORT MCDOWELL, AZ.",AZ,425.31,USA,0.0,0.0
AZ-09512280,09512280,"CAVE CREEK BLW COTTONWOOD CR NEAR CAVE CREEK, AZ.",AZ,188.71,USA,0.0,0.0
AZ-09513780,09513780,"NEW RIVER NEAR ROCK SPRINGS, AZ.",AZ,177.47,USA,0.0,0.0
AZ-09535100,09535100,"SAN SIMON WASH NEAR PISINIMO, AZ.",AZ,1482.93,USA,0.0,0.0
CA-09423350,09423350,CARUTHERS C NR IVANPAH CA,CA,2.24,USA,0.0,0.0
CA-10258000,10258000,TAHQUITZ C NR PALM SPRINGS CA,CA,43.69,USA,0.0,0.0
CA-10258500,10258500,PALM CYN C NR PALM SPRINGS CA,CA,241.51,USA,0.0,0.0
CA-10259000,10259000,ANDREAS C NR PALM SPRINGS CA,CA,22.46,USA,0.0,0.0
CA-10259200,10259200,DEEP C NR PALM DESERT CA,CA,79.12,USA,0.0,0.0
CA-10263500,10263500,BIG ROCK C NR VALYERMO CA,CA,59.46,USA,0.0,0.0
CA-10308200,10308200,E F CARSON R BL MARKLEEVILLE C NR MARKLEEVILLECA,CA,716.42,USA,0.0,0.0
CA-10336645,10336645,GENERAL C NR MEEKS BAY CA,CA,19.6,USA,0.0,0.0
CA-10336660,10336660,BLACKWOOD C NR TAHOE CITY CA,CA,29.8,USA,0.0,0.0
CA-10336676,10336676,WARD C AT HWY 89 NR TAHOE PINES CA,CA,24.72,USA,0.0,0.0
CA-10343500,10343500,SAGEHEN C NR TRUCKEE CA,CA,27.6,USA,0.0,0.0
CA-11015000,11015000,SWEETWATER R NR DESCANSO CA,CA,117.76,USA,0.0,0.0
CA-11098000,11098000,ARROYO SECO NR PASADENA CA,CA,41.57,USA,0.0,0.0
CA-11124500,11124500,SANTA CRUZ C NR SANTA YNEZ CA,CA,191.52,USA,0.0,0.0
CA-11141280,11141280,LOPEZ C NR ARROYO GRANDE CA,CA,54.01,USA,0.0,0.0
CA-11143000,11143000,BIG SUR R NR BIG SUR CA,CA,120.61,USA,0.0,0.0
CA-11148900,11148900,NACIMIENTO R BL SAPAQUE C NR BRYSON CA,CA,403.46,USA,0.0,0.0
CA-11151300,11151300,SAN LORENZO C BL BITTERWATER C NR KING CITY CA,CA,608.23,USA,0.0,0.0
CA-11162500,11162500,PESCADERO C NR PESCADERO CA,CA,118.87,USA,0.0,0.0
CA-11176400,11176400,ARROYO VALLE BL LANG CN NR LIVERMORE CA,CA,338.56,USA,0.0,0.0
CA-11180500,11180500,DRY C A UNION CITY CA,CA,24.32,USA,0.0,0.0
CA-11180960,11180960,CULL C AB CULL C RES NR CASTRO VALLEY CA,CA,15.06,USA,0.0,0.0
CA-11224500,11224500,LOS GATOS C AB NUNEZ CYN NR COALINGA CA,CA,247.44,USA,0.0,0.0
CA-11230500,11230500,BEAR C NR LAKE THOMAS A EDISON CA,CA,135.53,USA,0.11500614509026,0.084856596392134
CA-11237500,11237500,PITMAN C BL TAMARACK C CA,CA,59.82,USA,0.0,0.0
CA-11253310,11253310,CANTUA C NR CANTUA CREEK CA,CA,120.44,USA,0.0,0.0
CA-11264500,11264500,MERCED R A HAPPY ISLES BRIDGE NR YOSEMITE CA,CA,467.98,USA,1.425384274575166,0.304582305776992
CA-11266500,11266500,MERCED R A POHONO BRIDGE NR YOSEMITE CA,CA,833.08,USA,1.43038210743546,0.171698049099181
CA-11274500,11274500,ORESTIMBA C NR NEWMAN CA,CA,347.75,USA,0.0,0.0
CA-11274630,11274630,DEL PUERTO C NR PATTERSON CA,CA,187.44,USA,0.0,0.0
CA-11284400,11284400,BIG C AB WHITES GULCH NR GROVELAND CA,CA,41.72,USA,0.0,0.0
CA-11299600,11299600,BLACK C NR COPPEROPOLIS CA,CA,37.32,USA,0.0,0.0
CA-11315000,11315000,COLE C NR SALT SPRINGS DAM CA,CA,54.01,USA,0.0,0.0
CA-11381500,11381500,MILL C NR LOS MOLINOS CA,CA,337.63,USA,8.590467638e-05,2.5443437011e-05
CA-11383500,11383500,DEER C NR VINA CA,CA,539.78,USA,0.0,0.0
CA-11427700,11427700,DUNCAN CYN C NR FRENCH MEADOWS CA,CA,25.52,USA,0.0,0.0
CA-11451100,11451100,NF CACHE C A HOUGH SPRING NR CLEARLAKE OAKS CA,CA,155.09,USA,0.0,0.0
CA-11468500,11468500,NOYO R NR FORT BRAGG CA,CA,273.51,USA,0.0,0.0
CA-11473900,11473900,MF EEL R NR DOS RIOS CA,CA,1925.01,USA,0.0,0.0
CA-11475560,11475560,ELDER C NR BRANSCOMB CA,CA,16.79,USA,0.0,0.0
CA-11476600,11476600,BULL C NR WEOTT CA,CA,71.84,USA,0.0,0.0
CA-11478500,11478500,VAN DUZEN R NR BRIDGEVILLE CA,CA,572.38,USA,0.0,0.0
CA-11480390,11480390,MAD R AB RUTH RES NR FOREST GLEN CA,CA,242.6,USA,0.0,0.0
CA-11481200,11481200,LITTLE R NR TRINIDAD CA,CA,105.4,USA,0.0,0.0
CA-11482500,11482500,REDWOOD C A ORICK CA,CA,718.04,USA,0.0,0.0
CA-11522500,11522500,SALMON R A SOMES BAR CA,CA,1943.12,USA,0.136787590666684,0.007039585340416
CA-11523200,11523200,TRINITY R AB COFFEE C NR TRINITY CTR CA,CA,382.94,USA,0.0,0.0
CA-11528700,11528700,SF TRINITY R BL HYAMPOM CA,CA,1980.08,USA,0.0,0.0
CA-11532500,11532500,SMITH R NR CRESCENT CITY CA,CA,1577.96,USA,0.0,0.0
CO-06614800,06614800,"MICHIGAN RIVER NEAR CAMERON PASS, CO.",CO,4.03,USA,0.0,0.0
CO-06746095,06746095,"JOE WRIGHT CREEK ABOVE JOE WRIGHT RESERVOIR, CO.",CO,8.9,USA,0.0,0.0
CO-07083000,07083000,"HALFMOON CREEK NEAR MALTA, CO.",CO,60.76,USA,0.0,0.0
CO-07105945,07105945,"ROCK CREEK ABOVE FORT CARSON RESERVATION, CO.",CO,17.48,USA,0.0,0.0
CO-09034900,09034900,"BOBTAIL CREEK NEAR JONES PASS, CO.",CO,15.65,USA,0.0,0.0
CO-09035800,09035800,"DARLING CREEK NEAR LEAL, CO.",CO,22.94,USA,0.0,0.0
CO-09035900,09035900,"SOUTH FORK OF WILLIAMS FORK NEAR LEAL, CO.",CO,72.84,USA,0.0,0.0
CO-09047700,09047700,"KEYSTONE GULCH NEAR DILLON, CO.",CO,23.57,USA,0.0,0.0
CO-09065500,09065500,"GORE CREEK AT UPPER STATION, NEAR MINTURN, CO.",CO,37.78,USA,0.0,0.0
CO-09066000,09066000,"BLACK GORE CREEK NEAR MINTURN, CO.",CO,32.41,USA,0.0,0.0
CO-09066200,09066200,"BOOTH CREEK NEAR MINTURN, CO.",CO,16.1,USA,0.0,0.0
CO-09066300,09066300,"MIDDLE CREEK NEAR MINTURN, CO.",CO,15.52,USA,0.0,0.0
CO-09081600,09081600,"CRYSTAL RIVER AB AVALANCHE C, NEAR REDSTONE, CO.",CO,432.89,USA,0.0,0.0
CO-09107000,09107000,"TAYLOR RIVER AT TAYLOR PARK, CO.",CO,331.62,USA,0.0,0.0
CO-09306242,09306242,"CORRAL GULCH NEAR RANGELY, CO.",CO,81.99,USA,0.0,0.0
CO-09352900,09352900,"VALLECITO CREEK NEAR BAYFIELD, CO.",CO,188.15,USA,0.0,0.0
CT-01118300,01118300,"PENDLETON HILL BROOK NEAR CLARKS FALLS, CT.",CT,10.36,USA,0.0,0.0
CT-01121000,01121000,"MOUNT HOPE RIVER NEAR WARRENVILLE, CT.",CT,70.25,USA,0.0,0.0
CT-01123000,01123000,"LITTLE RIVER NEAR HANOVER, CT.",CT,77.85,USA,0.0,0.0
CT-01195100,01195100,"INDIAN RIVER NEAR CLINTON, CT.",CT,14.84,USA,0.0,0.0
CT-01208990,01208990,"SAUGATUCK RIVER NEAR REDDING, CT.",CT,53.77,USA,0.0,0.0
DE-01484100,01484100,"BEAVERDAM BRANCH AT HOUSTON, DE",DE,9.0,USA,0.0,0.0
DE-01487000,01487000,"NANTICOKE RIVER NEAR BRIDGEVILLE, DE",DE,187.41,USA,0.0,0.0
FL-02231000,02231000,"ST. MARYS RIVER NR MACCLENNY, FLA.",FL,1748.37,USA,0.0,0.0
FL-02231342,02231342,"FT DRUM CREEK AT SUNSHINE ST PKY NEAR FT DRUM, FL",FL,111.56,USA,0.0,0.0
FL-02235200,02235200,"BLACKWATER CREEK NEAR CASSIA, FL",FL,297.7,USA,0.0,0.0
FL-02236500,02236500,"BIG CREEK NEAR CLERMONT, FL",FL,146.88,USA,0.0,0.0
FL-02245500,02245500,"SOUTH FORK BLACK CREEK NR PENNEY FARMS, FLA.",FL,348.44,USA,0.0,0.0
FL-02246000,02246000,"NORTH FORK BLACK CREEK NR MIDDLEBURG, FLA.",FL,451.06,USA,0.0,0.0
FL-02296500,02296500,CHARLIE CREEK NEAR GARDNER FL,FL,886.39,USA,0.0,0.0
FL-02297155,02297155,HORSE CREEK NEAR MYAKKA HEAD FL,FL,93.6,USA,0.0,0.0
FL-02297310,02297310,HORSE CREEK NEAR ARCADIA FL,FL,528.37,USA,0.0,0.0
FL-02298123,02298123,PRAIRIE CREEK NEAR FORT OGDEN FL,FL,540.65,USA,0.0,0.0
FL-02298608,02298608,MYAKKA RIVER AT MYAKKA CITY FL,FL,312.34,USA,0.0,0.0
FL-02299950,02299950,MANATEE RIVER NEAR MYAKKA HEAD FL,FL,174.27,USA,0.0,0.0
FL-02300700,02300700,BULLFROG CREEK NEAR WIMAUMA FL,FL,73.84,USA,0.0,0.0
FL-02310947,02310947,"WITHLACOOCHEE RIVER NEAR CUMPRESSCO, FLA.",FL,649.56,USA,0.0,0.0
FL-02312200,02312200,"LITTLE WITHLACOOCHEE RIVER AT RERDELL, FLA.",FL,413.48,USA,0.0,0.0
FL-02315500,02315500,"SUWANNEE RIVER AT WHITE SPRINGS, FLA.",FL,6136.25,USA,0.0,0.0
FL-02324000,02324000,"STEINHATCHEE RIVER NEAR CROSS CITY, FLA.",FL,791.02,USA,0.0,0.0
FL-02324400,02324400,"FENHOLLOWAY RIVER NEAR FOLEY, FLA.",FL,176.26,USA,0.0,0.0
FL-02327100,02327100,"SOPCHOPPY RIVER NR SOPCHOPPY, FLA.",FL,271.12,USA,0.0,0.0
GA-02177000,02177000,"CHATTOOGA RIVER NEAR CLAYTON, GA",GA,526.77,USA,0.0,0.0
GA-02178400,02178400,"TALLULAH RIVER NEAR CLAYTON, GA",GA,151.28,USA,0.0,0.0
GA-02193340,02193340,"KETTLE CREEK NEAR WASHINGTON, GA",GA,87.87,USA,0.0,0.0
GA-02198100,02198100,"BEAVERDAM CREEK NEAR SARDIS, GA",GA,79.49,USA,0.0,0.0
GA-02202600,02202600,"BLACK CREEK NEAR BLITCHTON, GA",GA,590.47,USA,0.0,0.0
GA-02212600,02212600,"FALLING CREEK NEAR JULIETTE, GA",GA,187.96,USA,0.0,0.0
GA-02215100,02215100,"TUCSAWHATCHEE CREEK NEAR HAWKINSVILLE, GA",GA,420.29,USA,0.0,0.0
GA-02216180,02216180,"TURNPIKE CREEK NEAR MCRAE, GA",GA,129.11,USA,0.0,0.0
GA-02221525,02221525,"MURDER CREEK BELOW EATONTON, GA",GA,490.8,USA,0.0,0.0
GA-02314500,02314500,"SUWANNEE RIVER AT US 441, AT FARGO, GA",GA,3322.15,USA,0.0,0.0
GA-02349900,02349900,"TURKEY CREEK AT BYROMVILLE, GA",GA,122.87,USA,0.0,0.0
GA-02350900,02350900,"KINCHAFOONEE CREEK NEAR DAWSON, GA",GA,1365.12,USA,0.0,0.0
GA-02381600,02381600,"FAUSETT CREEK NEAR TALKING ROCK, GA",GA,10.32,USA,0.0,0.0
GA-02384540,02384540,"MILL CREEK NEAR CRANDALL, GA",GA,21.37,USA,0.0,0.0
GA-02395120,02395120,"TWO RUN CREEK NEAR KINGSTON, GA",GA,84.01,USA,0.0,0.0
HI-16010000,16010000,"Kawaikoi Stream nr Waimea, Kauai, HI",HI,9.9,USA,0.0,0.0
HI-16019000,16019000,"Waialae Str at alt 3,820 ft nr Waimea, Kauai, HI",HI,5.42,USA,0.0,0.0
HI-16068000,16068000,"EB of NF Wailua River nr Lihue, Kauai, HI",HI,16.18,USA,0.0,0.0
HI-16071500,16071500,"Left Branch Opaekaa Str nr Kapaa, Kauai, HI",HI,1.94,USA,0.0,0.0
HI-16097500,16097500,"Halaulani Str at alt 400 ft nr Kilauea, Kauai, HI",HI,3.12,USA,0.0,0.0
HI-16108000,16108000,"Wainiha River nr Hanalei, Kauai, HI",HI,27.07,USA,0.0,0.0
HI-16200000,16200000,"NF Kaukonahua Str abv RB, nr Wahiawa, Oahu, HI",HI,3.56,USA,0.0,0.0
HI-16229000,16229000,"Kalihi Str nr Honolulu, Oahu, HI",HI,6.64,USA,0.0,0.0
HI-16345000,16345000,"Opaeula Str nr Wahiawa, Oahu, HI",HI,7.79,USA,0.0,0.0
HI-16400000,16400000,"Halawa Stream near Halawa, Molokai, HI",HI,12.12,USA,0.0,0.0
HI-16508000,16508000,"Hanawi Stream near Nahiku, Maui, HI",HI,9.27,USA,0.0,0.0
HI-16518000,16518000,"West Wailuaiki Stream near Keanae, Maui, HI",HI,9.41,USA,0.0,0.0
HI-16587000,16587000,"Honopou Stream near Huelo, Maui, HI",HI,1.52,USA,0.0,0.0
HI-16717000,16717000,HONOLII STREAM NR PAPAIKOU,HI,31.09,USA,0.0,0.0
HI-16720000,16720000,"Kawainui Stream nr Kamuela, HI",HI,3.97,USA,0.0,0.0
IA-05412500,05412500,"Turkey River at Garber, IA",IA,3858.21,USA,0.0,0.0
IA-05454000,05454000,"Rapid Creek near Iowa City, IA",IA,65.38,USA,0.0,0.0
IA-05458000,05458000,"Little Cedar River near Ionia, IA",IA,776.76,USA,0.0,0.0
IA-05487980,05487980,"White Breast Creek near Dallas, IA",IA,882.72,USA,0.0,0.0
IA-05488200,05488200,"English Creek near Knoxville, IA",IA,234.21,USA,0.0,0.0
IA-05489000,05489000,"Cedar Creek near Bussey, IA",IA,964.76,USA,0.0,0.0
IA-06903400,06903400,"Chariton River near Chariton, IA",IA,481.42,USA,0.0,0.0
ID-12411000,12411000,NF COEUR D ALENE R AB SHOSHONE CK NR PRICHARD ID,ID,867.48,USA,0.0,0.0
ID-12413000,12413000,NF COEUR D ALENE RIVER AT ENAVILLE ID,ID,2325.17,USA,0.0,0.0
ID-12414500,12414500,ST JOE RIVER AT CALDER ID,ID,2678.97,USA,0.0,0.0
ID-13083000,13083000,TRAPPER CREEK NR OAKLEY ID,ID,133.18,USA,0.0,0.0
ID-13185000,13185000,BOISE RIVER NR TWIN SPRINGS ID,ID,2154.39,USA,0.069242439380297,0.003214016003616
ID-13235000,13235000,SF PAYETTE RIVER AT LOWMAN ID,ID,1163.23,USA,0.801341476072833,0.068889340549404
ID-13240000,13240000,LAKE FORK PAYETTE RIVER AB JUMBO CR NR MCCALL ID,ID,125.57,USA,0.0,0.0
ID-13310700,13310700,SF SALMON RIVER NR KRASSEL RANGER STATION ID,ID,853.13,USA,0.0,0.0
ID-13313000,13313000,JOHNSON CREEK AT YELLOW PINE ID,ID,561.94,USA,0.0,0.0
ID-13337000,13337000,LOCHSA RIVER NR LOWELL ID,ID,3053.42,USA,0.0,0.0
ID-13338500,13338500,SF CLEARWATER RIVER AT STITES ID,ID,3027.0,USA,0.0,0.0
ID-13340000,13340000,CLEARWATER RIVER AT OROFINO ID,ID,14268.9,USA,0.0,0.0
ID-13340600,13340600,NF CLEARWATER RIVER NR CANYON RANGER STATION ID,ID,3354.62,USA,0.0,0.0
IL-03338780,03338780,"NORTH FORK VERMILION RIVER NEAR BISMARCK, IL",IL,691.56,USA,0.0,0.0
IL-03346000,03346000,"NORTH FORK EMBARRAS RIVER NEAR OBLONG, IL",IL,814.69,USA,0.0,0.0
IL-03384450,03384450,"LUSK CREEK NEAR EDDYVILLE, IL",IL,111.13,USA,0.0,0.0
IL-05444000,05444000,"ELKHORN CREEK NEAR PENROSE, IL",IL,376.35,USA,0.0,0.0
IL-05466500,05466500,"EDWARDS RIVER NEAR NEW BOSTON, IL",IL,1151.57,USA,0.0,0.0
IL-05495500,05495500,"BEAR CREEK NEAR MARCELLINE, IL",IL,905.56,USA,0.0,0.0
IL-05525500,05525500,"SUGAR CREEK AT MILFORD, IL",IL,1158.76,USA,0.0,0.0
IL-05556500,05556500,"BIG BUREAU CREEK AT PRINCETON, IL",IL,505.1,USA,0.0,0.0
IL-05584500,05584500,"LA MOINE RIVER AT COLMAR, IL",IL,1695.67,USA,0.0,0.0
IL-05585000,05585000,"LA MOINE RIVER AT RIPLEY, IL",IL,3354.61,USA,0.0,0.0
IL-05591550,05591550,"WHITLEY CREEK NEAR ALLENVILLE, IL",IL,96.21,USA,0.0,0.0
IL-05592050,05592050,"ROBINSON CREEK NEAR SHELBYVILLE, IL",IL,254.12,USA,0.0,0.0
IL-05592575,05592575,"HICKORY CREEK NEAR BROWNSTOWN, IL",IL,115.25,USA,0.0,0.0
IL-05593575,05593575,"LITTLE CROOKED CREEK NEAR NEW MINDEN, IL",IL,217.67,USA,0.0,0.0
IL-05593900,05593900,"EAST FORK SHOAL CREEK NEAR COFFEEN, IL",IL,145.45,USA,0.0,0.0
IL-05595730,05595730,"RAYSE CREEK NEAR WALTONVILLE, IL",IL,236.76,USA,0.0,0.0
IN-03291780,03291780,"INDIAN-KENTUCK CREEK NR CANAAN, IND.",IN,71.41,USA,0.0,0.0
IN-03340800,03340800,BIG RACCOON CREEK NEAR FINCASTLE IND,IN,357.64,USA,0.0,0.0
IN-03357350,03357350,"PLUM CREEK NEAR BAINBRIDGE, IND.",IN,7.75,USA,0.0,0.0
IN-03364500,03364500,"CLIFTY CREEK AT HARTSVILLE, IN",IN,237.09,USA,0.0,0.0
IN-03366500,03366500,"MUSCATATUCK RIVER NEAR DEPUTY, IN",IN,755.22,USA,0.0,0.0
IN-03368000,03368000,"BRUSH CREEK NEAR NEBRASKA, IN",IN,29.72,USA,0.0,0.0
KS-06814000,06814000,"TURKEY C NR SENECA, KS",KS,713.83,USA,0.0,0.0
KS-06846500,06846500,"BEAVER C AT CEDAR BLUFFS, KS",KS,4357.76,USA,0.0,0.0
KS-06847900,06847900,"PRAIRIE DOG C AB KEITH SEBELIUS LAKE, KS",KS,1536.19,USA,0.0,0.0
KS-06853800,06853800,"WHITE ROCK C NR BURR OAK, KS",KS,589.42,USA,0.0,0.0
KS-06876700,06876700,"SALT C NR ADA, KS",KS,1056.44,USA,0.0,0.0
KS-06878000,06878000,"CHAPMAN C NR CHAPMAN, KS",KS,776.42,USA,0.0,0.0
KS-06879650,06879650,"KINGS C NR MANHATTAN, KS",KS,11.51,USA,0.0,0.0
KS-06885500,06885500,"BLACK VERMILLION R NR FRANKFORT, KS",KS,1062.87,USA,0.0,0.0
KS-06888500,06888500,"MILL C NR PAXICO, KS",KS,842.34,USA,0.0,0.0
KS-06889200,06889200,"SOLDIER C NR DELIA, KS",KS,385.66,USA,0.0,0.0
KS-06889500,06889500,"SOLDIER C NR TOPEKA, KS",KS,748.58,USA,0.0,0.0
KS-06892000,06892000,"STRANGER C NR TONGANOXIE, KS",KS,1092.72,USA,0.0,0.0
KS-06910800,06910800,"MARAIS DES CYGNES R NR READING, KS",KS,444.6,USA,0.0,0.0
KS-06911900,06911900,"DRAGOON C NR BURLINGAME, KS",KS,293.06,USA,0.0,0.0
KS-06917000,06917000,"L OSAGE R AT FULTON, KS",KS,765.78,USA,0.0,0.0
KS-07142300,07142300,"RATTLESNAKE C NR MACKSVILLE, KS",KS,1819.94,USA,0.0,0.0
KS-07144780,07144780,"NF NINNESCAH R AB CHENEY RE, KS",KS,2078.9,USA,0.0,0.0
KS-07145700,07145700,"SLATE C AT WELLINGTON, KS",KS,399.81,USA,0.0,0.0
KS-07149000,07149000,"MEDICINE LODGE R NR KIOWA, KS",KS,2291.2,USA,0.0,0.0
KS-07151500,07151500,"CHIKASKIA R NR CORBIN, KS",KS,2109.0,USA,0.0,0.0
KS-07167500,07167500,"OTTER C AT CLIMAX, KS",KS,319.62,USA,0.0,0.0
KS-07180500,07180500,"CEDAR C NR CEDAR POINT, KS",KS,275.5,USA,0.0,0.0
KS-07184000,07184000,"LIGHTNING C NR MCCUNE, KS",KS,510.84,USA,0.0,0.0
KY-03213700,03213700,"TUG FORK AT WILLIAMSON, WV",KY,2425.06,USA,0.0,0.0
KY-03280700,03280700,"CUTSHIN CREEK AT WOOTON, KY",KY,158.22,USA,0.0,0.0
KY-03281100,03281100,"GOOSE CREEK AT MANCHESTER, KY",KY,422.72,USA,0.0,0.0
KY-03281500,03281500,"SOUTH FORK KENTUCKY RIVER AT BOONEVILLE, KY",KY,1838.22,USA,0.0,0.0
KY-03285000,03285000,"DIX RIVER NEAR DANVILLE, KY",KY,822.34,USA,0.0,0.0
KY-03300400,03300400,"BEECH FORK AT MAUD, KY",KY,1128.58,USA,0.0,0.0
LA-07373000,07373000,"Big Creek at Pollock, LA",LA,131.18,USA,0.0,0.0
LA-07375000,07375000,"Tchefuncta River near Folsom, LA",LA,249.35,USA,0.0,0.0
LA-07376000,07376000,"Tickfaw River at Holden, LA",LA,651.6,USA,0.0,0.0
LA-07377000,07377000,"Amite River near Darlington, LA",LA,1525.31,USA,0.0,0.0
LA-08013000,08013000,"CALCASIEU RIVER NR GLENMORA, LA",LA,1293.69,USA,0.0,0.0
LA-08014500,08014500,"Whiskey Chitto Creek Near Oberlin, LA",LA,1305.15,USA,0.0,0.0
LA-08023080,08023080,"Bayou Grand Cane near Stanley, LA",LA,187.61,USA,0.0,0.0
LA-08025500,08025500,"Bayou Toro near Toro, LA",LA,383.02,USA,0.0,0.0
MA-01162500,01162500,"PRIEST BROOK NEAR WINCHENDON, MA",MA,49.71,USA,0.0,0.0
MA-01169000,01169000,"NORTH RIVER AT SHATTUCKVILLE, MA",MA,230.64,USA,0.0,0.0
MA-01170100,01170100,"GREEN RIVER NEAR COLRAIN, MA",MA,106.99,USA,0.0,0.0
MA-01181000,01181000,"WEST BRANCH WESTFIELD RIVER AT HUNTINGTON, MA",MA,243.49,USA,0.0,0.0
MA-01187300,01187300,"HUBBARD RIVER NR. WEST HARTLAND, CT.",MA,53.92,USA,0.0,0.0
MA-01333000,01333000,"GREEN RIVER AT WILLIAMSTOWN, MA",MA,112.16,USA,0.0,0.0
MD-01485500,01485500,"NASSAWANGO CREEK NEAR SNOW HILL, MD",MD,141.54,USA,0.0,0.0
MD-01486000,01486000,"MANOKIN BRANCH NEAR PRINCESS ANNE, MD",MD,11.18,USA,0.0,0.0
MD-01491000,01491000,"CHOPTANK RIVER NEAR GREENSBORO, MD",MD,292.04,USA,0.0,0.0
MD-01580000,01580000,"DEER CREEK AT ROCKS, MD",MD,244.37,USA,0.0,0.0
MD-01583500,01583500,"WESTERN RUN AT WESTERN RUN, MD",MD,155.85,USA,0.0,0.0
MD-01586610,01586610,"MORGAN RUN NEAR LOUISVILLE, MD",MD,72.7,USA,0.0,0.0
MD-01591400,01591400,"CATTAIL CREEK NEAR GLENWOOD, MD",MD,59.09,USA,0.0,0.0
MD-01594950,01594950,"MCMILLAN F NEAR FORT PENDLETON, MD",MD,6.12,USA,0.0,0.0
MD-01596500,01596500,"SAVAGE RIVER NEAR BARTON, MD",MD,124.65,USA,0.0,0.0
MD-01639500,01639500,"BIG PIPE CREEK AT BRUCEVILLE, MD",MD,267.18,USA,0.0,0.0
MD-03076600,03076600,"BEAR CREEK AT FRIENDSVILLE, MD",MD,127.4,USA,0.0,0.0
MD-03078000,03078000,"CASSELMAN RIVER AT GRANTSVILLE, MD",MD,161.48,USA,0.0,0.0
ME-01013500,01013500,"Fish River near Fort Kent, Maine",ME,2252.69,USA,0.0,0.0
ME-01022500,01022500,"Narraguagus River at Cherryfield, Maine",ME,573.6,USA,0.0,0.0
ME-01030500,01030500,"Mattawamkeag River near Mattawamkeag, Maine",ME,3676.17,USA,0.0,0.0
ME-01031500,01031500,"Piscataquis River near Dover-Foxcroft, Maine",ME,769.05,USA,0.0,0.0
ME-01047000,01047000,"Carrabassett River near North Anson, Maine",ME,909.09,USA,0.0,0.0
ME-01054200,01054200,"Wild River at Gilead, Maine",ME,180.98,USA,0.0,0.0
ME-01055000,01055000,"Swift River near Roxbury, Maine",ME,250.64,USA,0.0,0.0
ME-01057000,01057000,"Little Androscoggin River near South Paris, Maine",ME,190.92,USA,0.0,0.0
MI-04040500,04040500,"STURGEON RIVER NEAR SIDNAW, MI",MI,419.82,USA,0.0,0.0
MI-04043050,04043050,"TRAP ROCK RIVER NEAR LAKE LINDEN, MI",MI,76.62,USA,0.0,0.0
MI-04045500,04045500,"TAHQUAMENON RIVER NEAR PARADISE, MI",MI,1909.59,USA,0.0,0.0
MI-04056500,04056500,"MANISTIQUE RIVER NEAR MANISTIQUE, MI",MI,2945.89,USA,0.0,0.0
MI-04057510,04057510,"STURGEON RIVER NEAR NAHMA JUNCTION, MI",MI,473.57,USA,0.0,0.0
MI-04057800,04057800,"MIDDLE BRANCH ESCANABA RIVER AT HUMBOLDT, MI",MI,115.87,USA,0.0,0.0
MI-04059500,04059500,"FORD RIVER NEAR HYDE, MI",MI,1184.36,USA,0.0,0.0
MI-04105700,04105700,"AUGUSTA CREEK NEAR AUGUSTA, MI",MI,98.04,USA,0.0,0.0
MI-04115265,04115265,"FISH CREEK NEAR CRYSTAL, MI",MI,95.78,USA,0.0,0.0
MI-04122200,04122200,"WHITE RIVER NEAR WHITEHALL, MI",MI,1048.28,USA,0.0,0.0
MI-04122500,04122500,"PERE MARQUETTE RIVER AT SCOTTVILLE, MI",MI,1769.19,USA,0.0,0.0
MI-04124000,04124000,"MANISTEE RIVER NEAR SHERMAN, MI",MI,2243.62,USA,0.0,0.0
MI-04127918,04127918,"PINE RIVER NEAR RUDYARD, MI",MI,548.28,USA,0.0,0.0
MI-04127997,04127997,"STURGEON RIVER AT WOLVERINE, MI",MI,487.16,USA,0.0,0.0
MI-04161580,04161580,"STONY CREEK NEAR ROMEO, MI",MI,64.31,USA,0.0,0.0
MN-04015330,04015330,"KNIFE RIVER NEAR TWO HARBORS, MN",MN,224.35,USA,0.0,0.0
MN-05062500,05062500,"WILD RICE RIVER AT TWIN VALLEY, MN",MN,2407.05,USA,0.0,0.0
MN-05087500,05087500,"MIDDLE RIVER AT ARGYLE, MN",MN,600.82,USA,0.0,0.0
MN-05129115,05129115,"VERMILION RIVER NR CRANE LAKE, MN",MN,2357.58,USA,0.0,0.0
MN-05131500,05131500,"LITTLE FORK RIVER AT LITTLEFORK, MN",MN,4383.5,USA,0.0,0.0
MO-05495000,05495000,"Fox River at Wayland, MO",MO,1027.55,USA,0.0,0.0
MO-05501000,05501000,"North River at Palmyra, MO",MO,922.83,USA,0.0,0.0
MO-05503800,05503800,"Crooked Creek near Paris, MO",MO,212.64,USA,0.0,0.0
MO-05507600,05507600,"Lick Creek at Perry, MO",MO,275.38,USA,0.0,0.0
MO-05508805,05508805,"Spencer Cr. bl Plum Cr. nr Frankford, MO",MO,536.4,USA,0.0,0.0
MO-05514500,05514500,"CUIVRE RIVER NEAR TROY, MO",MO,2407.27,USA,0.0,0.0
MO-06906800,06906800,"Lamine River near Otterville, MO",MO,1414.75,USA,0.0,0.0
MO-06918460,06918460,"Turnback Creek above Greenfield, MO",MO,650.69,USA,0.0,0.0
MO-06919500,06919500,"Cedar Creek near Pleasant View, MO",MO,1069.42,USA,0.0,0.0
MO-06921070,06921070,"Pomme de Terre River near Polk, MO",MO,712.59,USA,0.0,0.0
MO-06921200,06921200,"Lindley Creek near Polk, MO",MO,323.62,USA,0.0,0.0
MO-06934000,06934000,"Gasconade River near Rich Fountain, MO",MO,8264.9,USA,0.0,0.0
MO-07014500,07014500,"Meramec River near Sullivan, MO",MO,3845.5,USA,0.0,0.0
MO-07057500,07057500,"North Fork River near Tecumseh, MO",MO,1456.44,USA,0.0,0.0
MO-07066000,07066000,"Jacks Fork at Eminence, MO",MO,1053.49,USA,0.0,0.0
MO-07067000,07067000,"Current River at Van Buren, MO",MO,4349.01,USA,0.0,0.0
MO-07068000,07068000,"Current River at Doniphan, MO",MO,5318.58,USA,0.0,0.0
MO-07071500,07071500,"Eleven Point River near Bardley, MO",MO,2023.77,USA,0.0,0.0
MS-02430085,02430085,"RED BUD CREEK NR MOORES MILL, MS",MS,40.56,USA,0.0,0.0
MS-02430615,02430615,"MUD CREEK NR FAIRVIEW, MS",MS,28.71,USA,0.0,0.0
MS-02472000,02472000,"LEAF RIVER NR COLLINS, MS",MS,1927.13,USA,0.0,0.0
MS-02472500,02472500,"BOUIE CREEK NR HATTIESBURG, MS",MS,789.94,USA,0.0,0.0
MS-02479155,02479155,"CYPRESS CREEK NR JANICE, MS",MS,137.28,USA,0.0,0.0
MS-02479300,02479300,"RED CREEK AT VESTRY, MS",MS,1144.2,USA,0.0,0.0
MS-02479560,02479560,ESCATAWPA RIVER NEAR AGRICOLA MS,MS,1454.33,USA,0.0,0.0
MS-02481000,02481000,"BILOXI RIVER AT WORTHAM, MS",MS,249.23,USA,0.0,0.0
MS-02481510,02481510,"WOLF RIVER NR LANDON, MS",MS,800.66,USA,0.0,0.0
MS-03592718,03592718,"LITTLE YELLOW CREEK EAST NR BURNSVILLE, MS",MS,66.99,USA,0.0,0.0
MS-07290650,07290650,"BAYOU PIERRE NR WILLOWS, MS",MS,1688.73,USA,0.0,0.0
MS-07291000,07291000,"HOMOCHITTO RIVER AT EDDICETON, MS",MS,479.29,USA,0.0,0.0
MS-07292500,07292500,"HOMOCHITTO RIVER AT ROSETTA, MS",MS,2073.09,USA,0.0,0.0
MS-07295000,07295000,"BUFFALO RIVER NR WOODVILLE, MS",MS,466.58,USA,0.0,0.0
MT-06037500,06037500,Madison River near West Yellowstone MT,MT,1126.25,USA,0.0,0.0
MT-06043500,06043500,Gallatin River near Gallatin Gateway MT,MT,2120.42,USA,0.028469383607632,0.001342629460561
MT-06154410,06154410,Little Peoples Creek near Hays MT,MT,33.41,USA,0.0,0.0
MT-06191000,06191000,Gardner River near Mammoth YNP,MT,513.88,USA,0.0,0.0
MT-06191500,06191500,Yellowstone River at Corwin Springs MT,MT,6783.59,USA,3.074495006447326,0.045322535802537
MT-06289000,06289000,Little Bighorn River at State Line nr Wyola MT,MT,471.27,USA,0.0,0.0
MT-06291500,06291500,Lodge Grass Cr ab Willow C Div nr Wyola MT,MT,217.96,USA,0.0,0.0
MT-12358500,12358500,Middle Fork Flathead River nr West Glacier MT,MT,2939.19,USA,12.964273526692716,0.441083207505902
MT-12374250,12374250,Mill Cr ab Bassoo Cr nr Niarada MT,MT,50.79,USA,0.0,0.0
MT-12375900,12375900,South Crow Creek near Ronan MT,MT,19.72,USA,0.0,0.0
MT-12377150,12377150,Mission Cr ab Reservoir nr ST Ignatius MT,MT,32.18,USA,0.0,0.0
MT-12381400,12381400,South Fork Jocko River near Arlee MT,MT,150.94,USA,0.0,0.0
MT-12383500,12383500,Big Knife Creek near Arlee MT,MT,17.67,USA,0.0,0.0
MT-12388400,12388400,Revais Cr bl West Fork nr Dixon MT,MT,60.84,USA,0.0,0.0
MT-12390700,12390700,Prospect Creek at Thompson Falls MT,MT,470.23,USA,0.0,0.0
NC-02053200,02053200,"POTECASI CREEK NEAR UNION, NC",NC,583.66,USA,0.0,0.0
NC-02077200,02077200,"HYCO CREEK NEAR LEASBURG, NC",NC,121.69,USA,0.0,0.0
NC-02081500,02081500,"TAR RIVER NEAR TAR RIVER, NC",NC,428.37,USA,0.0,0.0
NC-02082950,02082950,"LITTLE FISHING CREEK NEAR WHITE OAK, NC",NC,460.85,USA,0.0,0.0
NC-02084557,02084557,"VAN SWAMP NEAR HOKE, NC",NC,56.13,USA,0.0,0.0
NC-02092500,02092500,"TRENT RIVER NEAR TRENTON, NC",NC,447.58,USA,0.0,0.0
NC-02096846,02096846,"CANE CREEK NEAR ORANGE GROVE, NC",NC,19.57,USA,0.0,0.0
NC-02102908,02102908,"FLAT CREEK NEAR INVERNESS, NC",NC,19.73,USA,0.0,0.0
NC-02108000,02108000,"NORTHEAST CAPE FEAR RIVER NEAR CHINQUAPIN, NC",NC,1569.48,USA,0.0,0.0
NC-02111180,02111180,"ELK CREEK AT ELKVILLE, NC",NC,131.47,USA,0.0,0.0
NC-02111500,02111500,"REDDIES RIVER AT NORTH WILKESBORO, NC",NC,233.66,USA,0.0,0.0
NC-02112120,02112120,"ROARING RIVER NEAR ROARING RIVER, NC",NC,322.27,USA,0.0,0.0
NC-02112360,02112360,"MITCHELL RIVER NEAR STATE ROAD, NC",NC,205.3,USA,0.0,0.0
NC-02118500,02118500,"HUNTING CREEK NEAR HARMONY, NC",NC,400.53,USA,0.0,0.0
NC-02125000,02125000,"BIG BEAR CR NR RICHFIELD, NC",NC,144.55,USA,0.0,0.0
NC-02128000,02128000,"LITTLE RIVER NEAR STAR, NC",NC,273.48,USA,0.0,0.0
NC-02137727,02137727,"CATAWBA R NR PLEASANT GARDENS, NC",NC,329.54,USA,0.0,0.0
NC-02140991,02140991,"JOHNS RIVER AT ARNEYS STORE, NC",NC,521.99,USA,0.0,0.0
NC-02143000,02143000,"HENRY FORK NEAR HENRY RIVER, NC",NC,216.67,USA,0.0,0.0
NC-02143040,02143040,"JACOB FORK AT RAMSEY, NC",NC,66.48,USA,0.0,0.0
NC-02149000,02149000,"COVE CREEK NEAR LAKE LURE, NC",NC,203.85,USA,0.0,0.0
NC-02152100,02152100,"FIRST BROAD RIVER NEAR CASAR, NC",NC,154.99,USA,0.0,0.0
NC-03161000,03161000,"SOUTH FORK NEW RIVER NEAR JEFFERSON, NC",NC,527.86,USA,0.0,0.0
NC-03439000,03439000,"FRENCH BROAD RIVER AT ROSMAN, NC",NC,178.67,USA,0.0,0.0
NC-03450000,03450000,"BEETREE CREEK NEAR SWANNANOA, NC",NC,14.08,USA,0.0,0.0
NC-03455500,03455500,"W F PIGEON R ABOVE LAKE LOGAN NR HAZELWOOD, NC",NC,72.95,USA,0.0,0.0
NC-03456500,03456500,"EAST FORK PIGEON RIVER NEAR CANTON, NC",NC,133.43,USA,0.0,0.0
NC-03460000,03460000,"CATALOOCHEE CREEK NEAR CATALOOCHEE, NC",NC,127.02,USA,0.0,0.0
NC-03463300,03463300,"SOUTH TOE RIVER NEAR CELO, NC",NC,112.16,USA,0.0,0.0
NC-03479000,03479000,"WATAUGA RIVER NEAR SUGAR GROVE, NC",NC,235.6,USA,0.0,0.0
NC-03500000,03500000,"LITTLE TENNESSEE RIVER NEAR PRENTISS, NC",NC,361.14,USA,0.0,0.0
NC-03500240,03500240,"CARTOOGECHAYE CREEK NEAR FRANKLIN, NC",NC,145.86,USA,0.0,0.0
NC-03504000,03504000,"NANTAHALA RIVER NEAR RAINBOW SPRINGS, NC",NC,134.52,USA,0.0,0.0
NC-208111310,208111310,"CASHIE RIVER AT SR1257 NEAR WINDSOR, NC",NC,288.48,USA,0.0,0.0
NC-344894205,344894205,"NORTH FORK SWANNANOA RIVER NEAR WALKERTOWN, NC",NC,38.6,USA,0.0,0.0
ND-05056000,05056000,"SHEYENNE RIVER NR WARWICK, ND",ND,4862.02,USA,0.0,0.0
ND-05057000,05057000,"SHEYENNE RIVER NR COOPERSTOWN, ND",ND,7582.45,USA,0.0,0.0
ND-05057200,05057200,"BALDHILL CREEK NR DAZEY, ND",ND,1897.33,USA,0.0,0.0
ND-05120500,05120500,"WINTERING RIVER NR KARLSRUHE, ND",ND,1509.83,USA,0.0,0.0
ND-05123400,05123400,"WILLOW CREEK NR WILLOW CITY, ND",ND,3206.1,USA,0.0,0.0
ND-06332515,06332515,"BEAR DEN CREEK NR MANDAREE, ND",ND,191.49,USA,0.0,0.0
ND-06339100,06339100,"KNIFE RIVER AT MANNING, ND",ND,529.14,USA,0.0,0.0
ND-06339500,06339500,"KNIFE RIVER NR GOLDEN VALLEY, ND",ND,3171.45,USA,0.0,0.0
ND-06344600,06344600,"GREEN RIVER NR NEW HRADEC, ND",ND,402.5,USA,0.0,0.0
ND-06350000,06350000,"CANNONBALL RIVER AT REGENT, ND",ND,1501.05,USA,0.0,0.0
ND-06352000,06352000,"CEDAR CREEK NR HAYNES, ND",ND,1441.83,USA,0.0,0.0
ND-06353000,06353000,"CEDAR CREEK NR RALEIGH, ND",ND,4526.51,USA,0.0,0.0
ND-06354000,06354000,"CANNONBALL RIVER AT BREIEN, ND",ND,10598.2,USA,0.0,0.0
ND-06468170,06468170,"JAMES RIVER NR GRACE CITY, ND",ND,2809.1,USA,0.0,0.0
ND-06468250,06468250,"JAMES RIVER ABOVE ARROWWOOD LAKE NR KENSAL, ND",ND,3242.61,USA,0.0,0.0
ND-06470800,06470800,"BEAR CREEK NR OAKES, ND",ND,1071.14,USA,0.0,0.0
NE-06453600,06453600,"PONCA CREEK AT VERDEL, NEBR.",NE,2101.42,USA,0.0,0.0
NE-06601000,06601000,"OMAHA CR AT HOMER, NEBR",NE,450.2,USA,0.0,0.0
NE-06775500,06775500,"MIDDLE LOUP RIVER AT DUNNING, NEBR.",NE,5459.76,USA,0.0,0.0
NE-06784000,06784000,"SOUTH LOUP R AT ST. MICHAEL, NEBR.",NE,6019.75,USA,0.0,0.0
NE-06803510,06803510,"LITTLE SALT CREEK NEAR LINCOLN, NEBR.",NE,113.28,USA,0.0,0.0
NE-06803530,06803530,"ROCK CREEK NEAR CERESCO, NEBR.",NE,309.75,USA,0.0,0.0
NH-01052500,01052500,"Diamond River near Wentworth Location, NH",NH,383.82,USA,0.0,0.0
NH-01073000,01073000,"OYSTER RIVER NEAR DURHAM, NH",NH,31.3,USA,0.0,0.0
NH-01078000,01078000,"SMITH RIVER NEAR BRISTOL, NH",NH,222.46,USA,0.0,0.0
NH-01137500,01137500,"AMMONOOSUC RIVER AT BETHLEHEM JUNCTION, NH",NH,228.55,USA,0.0,0.0
NJ-01411300,01411300,TUCKAHOE RIVER AT HEAD OF RIVER NJ,NJ,79.32,USA,0.0,0.0
NJ-01440000,01440000,FLAT BROOK NEAR FLATBROOKVILLE NJ,NJ,167.72,USA,0.0,0.0
NJ-01466500,01466500,MCDONALDS BRANCH IN LEBANON STATE FOREST NJ,NJ,5.38,USA,0.0,0.0
NM-07208500,07208500,"RAYADO CREEK NEAR CIMARRON, NM",NM,159.22,USA,0.0,0.0
NM-07226500,07226500,"UTE CREEK NEAR LOGAN, NM",NM,5242.75,USA,0.0,0.0
NM-08267500,08267500,"RIO HONDO NEAR VALDEZ, NM",NM,96.26,USA,0.0,0.0
NM-08269000,08269000,"RIO PUEBLO DE TAOS NEAR TAOS, NM",NM,163.27,USA,0.0,0.0
NM-08271000,08271000,"RIO LUCERO NEAR ARROYO SECO, NM",NM,43.77,USA,0.0,0.0
NM-08324000,08324000,"JEMEZ RIVER NEAR JEMEZ, NM",NM,1207.95,USA,0.0,0.0
NM-08377900,08377900,"RIO MORA NEAR TERRERO, NM",NM,139.03,USA,0.0,0.0
NM-08378500,08378500,"PECOS RIVER NEAR PECOS, NM",NM,444.96,USA,0.0,0.0
NM-08380500,08380500,"GALLINAS CREEK NEAR MONTEZUMA, NM",NM,198.06,USA,0.0,0.0
NM-09386900,09386900,"RIO NUTRIA NEAR RAMAH, NM",NM,184.94,USA,0.0,0.0
NM-09430500,09430500,"GILA RIVER NEAR GILA, NM",NM,4804.93,USA,0.0,0.0
NM-09430600,09430600,"MOGOLLON CREEK NEAR CLIFF, NM",NM,190.52,USA,0.0,0.0
NV-10244950,10244950,"STEPTOE C NR ELY, NV",NV,28.2,USA,0.0,0.0
NV-10249300,10249300,"S TWIN R NR ROUND MOUNTAIN, NV",NV,50.2,USA,0.0,0.0
NV-10310500,10310500,"CLEAR CREEK NEAR CARSON CITY, NV",NV,39.49,USA,0.0,0.0
NV-10316500,10316500,"LAMOILLE C NR LAMOILLE, NV",NV,64.78,USA,0.0,0.0
NV-10329500,10329500,"MARTIN C NR PARADISE VALLEY, NV",NV,454.52,USA,0.0,0.0
NV-10336740,10336740,"Logan House Ck nr Glenbrook, NV",NV,5.54,USA,0.0,0.0
NV-10348850,10348850,GALENA C AT GALENA C STATE PARK,NV,19.14,USA,0.0,0.0
NV-13161500,13161500,BRUNEAU RIVER AT ROWLAND NV,NV,986.13,USA,0.0,0.0
NY-01350000,01350000,SCHOHARIE CREEK AT PRATTSVILLE NY,NY,612.52,USA,0.0,0.0
NY-01350080,01350080,MANOR KILL AT WEST CONESVILLE NEAR GILBOA NY,NY,83.84,USA,0.0,0.0
NY-01350140,01350140,MINE KILL NEAR NORTH BLENHEIM NY,NY,43.76,USA,0.0,0.0
NY-01362200,01362200,ESOPUS CREEK AT ALLABEN NY,NY,169.19,USA,0.0,0.0
NY-01365000,01365000,RONDOUT CREEK NEAR LOWES CORNERS NY,NY,99.57,USA,0.0,0.0
NY-01413500,01413500,EAST BR DELAWARE R AT MARGARETVILLE NY,NY,424.1,USA,0.0,0.0
NY-01414500,01414500,MILL BROOK NEAR DUNRAVEN NY,NY,64.45,USA,0.0,0.0
NY-01415000,01415000,TREMPER KILL NEAR ANDES NY,NY,85.63,USA,0.0,0.0
NY-01423000,01423000,WEST BRANCH DELAWARE RIVER AT WALTON NY,NY,859.68,USA,0.0,0.0
NY-01434025,01434025,BISCUIT BK ABOVE PIGEON BK AT FROST VALLEY NY,NY,9.7,USA,0.0,0.0
NY-01435000,01435000,NEVERSINK RIVER NEAR CLARYVILLE NY,NY,172.46,USA,0.0,0.0
NY-01510000,01510000,OTSELIC RIVER AT CINCINNATUS NY,NY,382.98,USA,0.0,0.0
NY-04216418,04216418,TONAWANDA CREEK AT ATTICA NY,NY,196.47,USA,0.0,0.0
NY-04221000,04221000,GENESEE RIVER AT WELLSVILLE NY,NY,750.88,USA,0.0,0.0
NY-04224775,04224775,CANASERAGA CREEK ABOVE DANSVILLE NY,NY,231.84,USA,0.0,0.0
NY-04233000,04233000,CAYUGA INLET NEAR ITHACA NY,NY,91.9,USA,0.0,0.0
NY-04256000,04256000,INDEPENDENCE RIVER AT DONNATTSBURG NY,NY,232.44,USA,0.0,0.0
OH-03140000,03140000,Mill Creek near Coshocton OH,OH,70.35,USA,0.0,0.0
OH-03144000,03144000,Wakatomika Creek near Frazeysburg OH,OH,363.41,USA,0.0,0.0
OH-03159540,03159540,Shade River near Chester OH,OH,400.85,USA,0.0,0.0
OH-03237280,03237280,Upper Twin Creek at McGaw OH,OH,32.95,USA,0.0,0.0
OH-03237500,03237500,Ohio Brush Creek near West Union OH,OH,1003.21,USA,0.0,0.0
OH-03238500,03238500,White Oak Creek near Georgetown OH,OH,568.5,USA,0.0,0.0
OH-03241500,03241500,Massies Creek at Wilberforce OH,OH,170.91,USA,0.0,0.0
OH-04185000,04185000,Tiffin River at Stryker OH,OH,1064.0,USA,0.0,0.0
OH-04196800,04196800,Tymochtee Creek at Crawford OH,OH,608.07,USA,0.0,0.0
OH-04197100,04197100,Honey Creek at Melmore OH,OH,388.21,USA,0.0,0.0
OH-04197170,04197170,Rock Creek at Tiffin OH,OH,95.21,USA,0.0,0.0
OH-04213000,04213000,Conneaut Creek at Conneaut OH,OH,455.3,USA,0.0,0.0
OK-07148400,07148400,"Salt Fork Arkansas River nr Alva, OK",OK,2544.5,USA,0.0,0.0
OK-07197000,07197000,"Baron Fork at Eldon, OK",OK,808.45,USA,0.0,0.0
OK-07301500,07301500,"North Fork Red River near Carter, OK",OK,6885.07,USA,0.0,0.0
OK-07315700,07315700,"Mud Creek near Courtney, OK",OK,1488.69,USA,0.0,0.0
OK-07335700,07335700,"Kiamichi River near Big Cedar, OK",OK,102.57,USA,0.0,0.0
OR-10396000,10396000,DONNER UND BLITZEN RIVER NR FRENCHGLEN OR,OR,528.89,USA,0.0,0.0
OR-13331500,13331500,"MINAM RIVER NEAR MINAM, OR",OR,618.93,USA,0.044313308229172,0.007159663973175
OR-14020000,14020000,"UMATILLA RIVER ABOVE MEACHAM CREEK, NR GIBBON, OR",OR,341.43,USA,0.0,0.0
OR-14092750,14092750,"SHITIKE CR, AT PETERS PASTURE, NR WARM SPRINGS, OR",OR,57.48,USA,0.0,0.0
OR-14096850,14096850,"BEAVER CREEK, BLW QUARTZ CR, NR SIMNASHO, OR.",OR,374.62,USA,0.0,0.0
OR-14137000,14137000,"SANDY RIVER NEAR MARMOT, OR",OR,674.24,USA,7.726751221487501,1.145994189233434
OR-14138800,14138800,"BLAZED ALDER CREEK NEAR RHODODENDRON, OREG.",OR,21.29,USA,0.0,0.0
OR-14138870,14138870,"FIR CREEK NEAR BRIGHTWOOD, OR",OR,14.02,USA,0.0,0.0
OR-14138900,14138900,"NORTH FORK BULL RUN RIVER NEAR MULTNOMAH FALLS, OR",OR,21.68,USA,0.0,0.0
OR-14139800,14139800,"SOUTH FORK BULL RUN RIVER NEAR BULL RUN, OR",OR,40.7,USA,0.0,0.0
OR-14141500,14141500,"LITTLE SANDY RIVER NEAR BULL RUN, OREG.",OR,59.87,USA,0.0,0.0
OR-14154500,14154500,"ROW RIVER ABOVE PITCHER CREEK NEAR, DORENA, OREG",OR,546.81,USA,0.0,0.0
OR-14158500,14158500,"MCKENZIE RIVER AT OUTLET OF CLEAR LAKE, OR",OR,237.08,USA,0.0,0.0
OR-14158790,14158790,"SMITH R AB SMITH R RES NR BELKNAP SPRGS,OREG.",OR,40.57,USA,0.0,0.0
OR-14166500,14166500,"LONG TOM RIVER NEAR NOTI, OREG.",OR,226.52,USA,0.0,0.0
OR-14182500,14182500,"LITTLE NORTH SANTIAM RIVER NEAR MEHAMA, OR",OR,286.85,USA,0.0,0.0
OR-14185000,14185000,"SOUTH SANTIAM RIVER BELOW CASCADIA, OR",OR,458.18,USA,0.0,0.0
OR-14185900,14185900,"QUARTZVILLE CREEK NEAR CASCADIA, OREG.",OR,258.2,USA,0.0,0.0
OR-14187000,14187000,"WILEY CREEK NEAR FOSTER, OR",OR,134.75,USA,0.0,0.0
OR-14301000,14301000,"NEHALEM RIVER NEAR FOSS, OR",OR,1743.54,USA,0.0,0.0
OR-14303200,14303200,"TUCCA CREEK NEAR BLAINE, OR.",OR,8.06,USA,0.0,0.0
OR-14305500,14305500,"SILETZ RIVER AT SILETZ, OR",OR,526.33,USA,0.0,0.0
OR-14306340,14306340,"EAST FORK LOBSTER CREEK NEAR ALSEA, OR.",OR,14.73,USA,0.0,0.0
OR-14306500,14306500,"ALSEA RIVER NEAR TIDEWATER, OR",OR,857.16,USA,0.0,0.0
OR-14308990,14308990,"COW CREEK ABV GALESVILLE RES, NR AZALEA, OR.",OR,167.76,USA,0.0,0.0
OR-14309500,14309500,"WEST FORK COW CREEK NEAR GLENDALE, OR",OR,224.92,USA,0.0,0.0
OR-14316700,14316700,"STEAMBOAT CREEK NEAR GLIDE, OR",OR,587.9,USA,0.0,0.0
OR-14325000,14325000,"SOUTH FORK COQUILLE RIVER AT POWERS, OR",OR,443.07,USA,0.0,0.0
OR-14362250,14362250,"STAR GULCH NEAR RUCH, OR.",OR,41.42,USA,0.0,0.0
OR-14400000,14400000,"CHETCO RIVER NEAR BROOKINGS, OR",OR,702.63,USA,0.0,0.0
PA-01439500,01439500,"Bush Kill at Shoemakers, PA",PA,305.88,USA,0.0,0.0
PA-01440400,01440400,"Brodhead Creek near Analomink, PA",PA,175.21,USA,0.0,0.0
PA-01451800,01451800,"Jordan Creek near Schnecksville, PA",PA,135.84,USA,0.0,0.0
PA-01516500,01516500,"Corey Creek near Mainesburg, PA",PA,31.48,USA,0.0,0.0
PA-01518862,01518862,"Cowanesque River at Westfield, PA",PA,233.91,USA,0.0,0.0
PA-01532000,01532000,"Towanda Creek near Monroeton, PA",PA,553.94,USA,0.0,0.0
PA-01539000,01539000,"Fishing Creek near Bloomsburg, PA",PA,701.78,USA,0.0,0.0
PA-01542810,01542810,"Waldy Run near Emporium, PA",PA,13.62,USA,0.0,0.0
PA-01543000,01543000,"Driftwood Br Sinnemahoning Cr at Sterling Run, PA",PA,705.5,USA,0.0,0.0
PA-01543500,01543500,"Sinnemahoning Creek at Sinnemahoning, PA",PA,1778.26,USA,0.0,0.0
PA-01544500,01544500,"Kettle Creek at Cross Fork, PA",PA,355.06,USA,0.0,0.0
PA-01545600,01545600,"Young Womans Creek near Renovo, PA",PA,120.0,USA,0.0,0.0
PA-01547700,01547700,"Marsh Creek at Blanchard, PA",PA,113.54,USA,0.0,0.0
PA-01548500,01548500,"Pine Creek at Cedar Run, PA",PA,1557.04,USA,0.0,0.0
PA-01549500,01549500,"Blockhouse Creek near English Center, PA",PA,97.49,USA,0.0,0.0
PA-01550000,01550000,"Lycoming Creek near Trout Run, PA",PA,452.68,USA,0.0,0.0
PA-01552000,01552000,"Loyalsock Creek at Loyalsockville, PA",PA,1129.49,USA,0.0,0.0
PA-01552500,01552500,"Muncy Creek near Sonestown, PA",PA,60.64,USA,0.0,0.0
PA-01557500,01557500,"Bald Eagle Creek at Tyrone, PA",PA,115.3,USA,0.0,0.0
PA-01564500,01564500,"Aughwick Creek near Three Springs, PA",PA,445.56,USA,0.0,0.0
PA-01567500,01567500,"Bixler Run near Loysville, PA",PA,38.77,USA,0.0,0.0
PA-01568000,01568000,"Sherman Creek at Shermans Dale, PA",PA,534.4,USA,0.0,0.0
PA-01613050,01613050,"Tonoloway Creek near Needmore, PA",PA,27.9,USA,0.0,0.0
PA-03010655,03010655,"Oswayo Creek at Shinglehouse, PA",PA,254.44,USA,0.0,0.0
PA-03011800,03011800,"Kinzua Creek near Guffey, PA",PA,100.1,USA,0.0,0.0
PA-03015500,03015500,"Brokenstraw Creek at Youngsville, PA",PA,784.85,USA,0.0,0.0
PA-03021350,03021350,"French Creek near Wattsburg, PA",PA,239.67,USA,0.0,0.0
PA-03026500,03026500,"Sevenmile Run near Rasselas, PA",PA,20.31,USA,0.0,0.0
PA-03028000,03028000,"West Branch Clarion River at Wilcox, PA",PA,161.11,USA,0.0,0.0
PA-03049000,03049000,"Buffalo Creek near Freeport, PA",PA,357.15,USA,0.0,0.0
PA-03049800,03049800,"Little Pine Creek near Etna, PA",PA,14.89,USA,0.0,0.0
PA-04213075,04213075,"Brandy Run near Girard, PA",PA,11.65,USA,0.0,0.0
PR-50025155,50025155,"RIO SALIENTE AT COABEY NR JAYUYA, PR",PR,24.04,USA,0.0,0.0
PR-50034000,50034000,"RIO BAUTA NR OROCOVIS, PR",PR,43.37,USA,0.0,0.0
PR-50050900,50050900,"RIO GRANDE DE LOIZA AT QUEBRADA ARENAS, PR",PR,15.55,USA,0.0,0.0
PR-50063440,50063440,"QUEBRADA SONADORA NR EL VERDE, PR",PR,2.64,USA,0.0,0.0
PR-50063800,50063800,"RIO ESPIRITU SANTO NR RIO GRANDE, PR",PR,22.41,USA,0.0,0.0
PR-50065500,50065500,"RIO MAMEYES NR SABANA, PR",PR,17.61,USA,0.0,0.0
PR-50092000,50092000,"RIO GRANDE DE PATILLAS NR PATILLAS, PR",PR,47.59,USA,0.0,0.0
PR-50100450,50100450,"RIO MAJADA AT LA PLENA, PR",PR,42.53,USA,0.0,0.0
PR-50108000,50108000,"RIO DESCALABRADO NR LOS LLANOS, PR",PR,33.31,USA,0.0,0.0
PR-50110900,50110900,"RIO TOA VACA ABV LAGO TOA VACA, PR",PR,36.87,USA,0.0,0.0
PR-50113800,50113800,"RIO CERRILLOS ABV LAGO CERRILLOS NR PONCE, PR",PR,30.72,USA,0.0,0.0
RI-01117468,01117468,"BEAVER RIVER NEAR USQUEPAUG, RI",RI,25.34,USA,0.0,0.0
SC-02110500,02110500,"WACCAMAW RIVER NEAR LONGS, SC",SC,2908.31,USA,0.0,0.0
SC-02196000,02196000,"STEVENS CREEK NEAR MODOC, SC",SC,1408.38,USA,0.0,0.0
SD-05291000,05291000,"WHETSTONE RIVER NEAR BIG STONE CITY, SD",SD,1046.77,USA,0.0,0.0
SD-06360500,06360500,MOREAU R NEAR WHITEHORSE SD,SD,12655.0,USA,0.0,0.0
SD-06404000,06404000,BATTLE CR NEAR KEYSTONE SD,SD,151.83,USA,0.0,0.0
SD-06406000,06406000,BATTLE CR AT HERMOSA SD,SD,436.34,USA,0.0,0.0
SD-06408700,06408700,RHOADS FORK NEAR ROCHFORD SD,SD,20.8,USA,0.0,0.0
SD-06409000,06409000,CASTLE CR ABOVE DEERFIELD RES NEAR HILL CITY SD,SD,205.33,USA,0.0,0.0
SD-06422500,06422500,BOXELDER CR NEAR NEMO SD,SD,243.92,USA,0.0,0.0
SD-06431500,06431500,SPEARFISH CR AT SPEARFISH SD,SD,427.1,USA,0.0,0.0
SD-06440200,06440200,"SOUTH FORK BAD R NEAR COTTONWOOD,SD",SD,649.19,USA,0.0,0.0
SD-06441500,06441500,BAD R NEAR FORT PIERRE SD,SD,8152.54,USA,0.0,0.0
SD-06447000,06447000,WHITE R NEAR KADOKA SD,SD,12849.7,USA,0.0,0.0
SD-06447500,06447500,LITTLE WHITE R NEAR MARTIN SD,SD,826.61,USA,0.0,0.0
SD-06450500,06450500,LITTLE WHITE R BELOW WHITE RIVER SD,SD,4111.27,USA,0.0,0.0
SD-06452000,06452000,WHITE R NEAR OACOMA SD,SD,25791.0,USA,0.0,0.0
SD-06464500,06464500,KEYA PAHA R AT WEWELA SD,SD,2914.04,USA,0.0,0.0
SD-06477500,06477500,FIRESTEEL CR NEAR MOUNT VERNON SD,SD,1512.44,USA,0.0,0.0
SD-06479215,06479215,BIG SIOUX RIVER NR FLORENCE SD,SD,175.28,USA,0.0,0.0
SD-06479438,06479438,BIG SIOUX R NEAR WATERTOWN SD,SD,951.91,USA,0.0,0.0
TN-03498500,03498500,"LITTLE RIVER NEAR MARYVILLE, TN",TN,696.76,USA,0.0,0.0
TN-03597590,03597590,"WARTRACE CREEK BELOW COUNTY ROAD AT WARTRACE, TN",TN,92.94,USA,0.0,0.0
TN-03604000,03604000,"BUFFALO RIVER NEAR FLAT WOODS, TN",TN,1163.03,USA,0.0,0.0
TX-07299670,07299670,"Groesbeck Ck at SH 6 nr Quanah, TX",TX,828.36,USA,0.0,0.0
TX-07301410,07301410,"Sweetwater Ck nr Kelton, TX",TX,769.66,USA,0.0,0.0
TX-07315200,07315200,"E Fk Little Wichita Rv nr Henrietta, TX",TX,501.61,USA,0.0,0.0
TX-07346045,07346045,"Black Cypress Bayou at Jefferson, TX",TX,959.89,USA,0.0,0.0
TX-08029500,08029500,"Big Cow Ck nr Newton, TX",TX,333.4,USA,0.0,0.0
TX-08050800,08050800,"Timber Ck nr Collinsville, TX",TX,100.93,USA,0.0,0.0
TX-08066200,08066200,"Long King Ck at Livingston, TX",TX,364.12,USA,0.0,0.0
TX-08066300,08066300,"Menard Ck nr Rye, TX",TX,383.57,USA,0.0,0.0
TX-08070000,08070000,"E Fk San Jacinto Rv nr Cleveland, TX",TX,841.06,USA,0.0,0.0
TX-08070200,08070200,"E Fk San Jacinto Rv nr New Caney, TX",TX,989.36,USA,0.0,0.0
TX-08079600,08079600,"DMF Brazos Rv at Justiceburg, TX",TX,3348.93,USA,0.0,0.0
TX-08082700,08082700,"Millers Ck nr Munday, TX",TX,276.04,USA,0.0,0.0
TX-08086212,08086212,"Hubbard Ck bl Albany, TX",TX,1584.82,USA,0.0,0.0
TX-08086290,08086290,"Big Sandy Ck abv Breckenridge, TX",TX,732.98,USA,0.0,0.0
TX-08101000,08101000,"Cowhouse Ck at Pidcoke, TX",TX,1177.1,USA,0.0,0.0
TX-08103900,08103900,"S Fk Rocky Ck nr Briggs, TX",TX,86.0,USA,0.0,0.0
TX-08104900,08104900,"S Fk San Gabriel Rv at Georgetown, TX",TX,342.62,USA,0.0,0.0
TX-08109700,08109700,"Middle Yegua Ck nr Dime Box, TX",TX,610.12,USA,0.0,0.0
TX-08150800,08150800,"Beaver Ck nr Mason, TX",TX,557.52,USA,0.0,0.0
TX-08155200,08155200,"Barton Ck at SH 71 nr Oak Hill, TX",TX,232.74,USA,0.0,0.0
TX-08158700,08158700,"Onion Ck nr Driftwood, TX",TX,320.34,USA,0.0,0.0
TX-08158810,08158810,"Bear Ck bl FM 1826 nr Driftwood, TX",TX,31.79,USA,0.0,0.0
TX-08164000,08164000,"Lavaca Rv nr Edna, TX",TX,2123.99,USA,0.0,0.0
TX-08164300,08164300,"Navidad Rv nr Hallettsville, TX",TX,861.54,USA,0.0,0.0
TX-08164600,08164600,"Garcitas Ck nr Inez, TX",TX,253.92,USA,0.0,0.0
TX-08165300,08165300,"N Fk Guadalupe Rv nr Hunt, TX",TX,435.99,USA,0.0,0.0
TX-08171300,08171300,"Blanco Rv nr Kyle, TX",TX,1067.47,USA,0.0,0.0
TX-08175000,08175000,"Sandies Ck nr Westhoff, TX",TX,1421.66,USA,0.0,0.0
TX-08176900,08176900,"Coleto Ck at Arnold Rd nr Schroeder, TX",TX,925.44,USA,0.0,0.0
TX-08178880,08178880,"Medina Rv at Bandera, TX",TX,850.58,USA,0.0,0.0
TX-08189500,08189500,"Mission Rv at Refugio, TX",TX,1808.28,USA,0.0,0.0
TX-08190000,08190000,"Nueces Rv at Laguna, TX",TX,1961.43,USA,0.0,0.0
TX-08190500,08190500,"W Nueces Rv nr Brackettville, TX",TX,1799.09,USA,0.0,0.0
TX-08194200,08194200,"San Casimiro Ck nr Freer, TX",TX,1220.58,USA,0.0,0.0
TX-08195000,08195000,"Frio Rv at Concan, TX",TX,1028.29,USA,0.0,0.0
TX-08196000,08196000,"Dry Frio Rv nr Reagan Wells, TX",TX,326.98,USA,0.0,0.0
TX-08198500,08198500,"Sabinal Rv at Sabinal, TX",TX,624.35,USA,0.0,0.0
TX-08200000,08200000,"Hondo Ck nr Tarpley, TX",TX,249.12,USA,0.0,0.0
TX-08202700,08202700,"Seco Ck at Rowe Ranch nr D'Hanis, TX",TX,434.74,USA,0.0,0.0
UT-09183500,09183500,"MILL CREEK AT SHELEY TUNNEL, NEAR MOAB, UT.",UT,74.3,USA,0.0,0.0
UT-09312600,09312600,"WHITE RIVER BL TABBYUNE C NEAR SOLDIER SUMMIT, UT",UT,195.3,USA,0.0,0.0
UT-09378170,09378170,"SOUTH CREEK ABOVE RESERVOIR NEAR MONTICELLO, UT",UT,21.9,USA,0.0,0.0
UT-09378630,09378630,"RECAPTURE CREEK NEAR BLANDING, UT",UT,10.42,USA,0.0,0.0
UT-09404450,09404450,"EAST FORK VIRGIN RIVER NEAR GLENDALE, UT",UT,192.96,USA,0.0,0.0
UT-10023000,10023000,"BIG CREEK NEAR RANDOLPH, UT",UT,131.46,USA,0.0,0.0
UT-10109001,10109001,COM F LOGAN R AB ST D AND LO HP AND SM C N LO UT,UT,555.6,USA,0.0,0.0
UT-10166430,10166430,"WEST CANYON CREEK NEAR CEDAR FORT, UT",UT,70.17,USA,0.0,0.0
UT-10172200,10172200,"RED BUTTE CREEK AT FORT DOUGLAS, NEAR SLC, UT",UT,18.69,USA,0.0,0.0
UT-10172700,10172700,"VERNON CREEK NEAR VERNON, UT",UT,69.93,USA,0.0,0.0
UT-10172800,10172800,"SOUTH WILLOW CREEK NEAR GRANTSVILLE, UT",UT,11.07,USA,0.0,0.0
UT-10173450,10173450,"MAMMOTH CREEK ABV WEST HATCH DITCH, NEAR HATCH, UT",UT,268.53,USA,0.0,0.0
UT-10205030,10205030,"SALINA CREEK NEAR EMERY, UT",UT,134.6,USA,0.0,0.0
UT-10234500,10234500,"BEAVER RIVER NEAR BEAVER, UT",UT,236.42,USA,0.0,0.0
UT-10242000,10242000,"COAL CREEK NEAR CEDAR CITY, UT",UT,208.69,USA,0.0,0.0
VA-01620500,01620500,"NORTH RIVER NEAR STOKESVILLE, VA",VA,44.74,USA,0.0,0.0
VA-01632000,01632000,"N F SHENANDOAH RIVER AT COOTES STORE, VA",VA,543.36,USA,0.0,0.0
VA-01632900,01632900,"SMITH CREEK NEAR NEW MARKET, VA",VA,245.05,USA,0.0,0.0
VA-01634500,01634500,"CEDAR CREEK NEAR WINCHESTER, VA",VA,263.98,USA,0.0,0.0
VA-01638480,01638480,"CATOCTIN CREEK AT TAYLORSTOWN, VA",VA,232.0,USA,0.0,0.0
VA-01644000,01644000,"GOOSE CREEK NEAR LEESBURG, VA",VA,859.17,USA,0.0,0.0
VA-01658500,01658500,"S F QUANTICO CREEK NEAR INDEPENDENT HILL, VA",VA,19.34,USA,0.0,0.0
VA-01664000,01664000,"RAPPAHANNOCK RIVER AT REMINGTON, VA",VA,1605.1,USA,0.0,0.0
VA-01666500,01666500,"ROBINSON RIVER NEAR LOCUST DALE, VA",VA,463.15,USA,0.0,0.0
VA-01667500,01667500,"RAPIDAN RIVER NEAR CULPEPER, VA",VA,1209.75,USA,0.0,0.0
VA-01669000,01669000,"PISCATAWAY CREEK NEAR TAPPAHANNOCK, VA",VA,71.84,USA,0.0,0.0
VA-01669520,01669520,"DRAGON SWAMP AT MASCOT, VA",VA,277.38,USA,0.0,0.0
VA-02011400,02011400,"JACKSON RIVER NEAR BACOVA, VA",VA,407.72,USA,0.0,0.0
VA-02011460,02011460,"BACK CREEK NEAR SUNRISE, VA",VA,156.34,USA,0.0,0.0
VA-02013000,02013000,"DUNLAP CREEK NEAR COVINGTON, VA",VA,424.78,USA,0.0,0.0
VA-02014000,02014000,"POTTS CREEK NEAR COVINGTON, VA",VA,396.78,USA,0.0,0.0
VA-02015700,02015700,"BULLPASTURE RIVER AT WILLIAMSVILLE, VA",VA,285.41,USA,0.0,0.0
VA-02016000,02016000,"COWPASTURE RIVER NEAR CLIFTON FORGE, VA",VA,1194.55,USA,0.0,0.0
VA-02017500,02017500,"JOHNS CREEK AT NEW CASTLE, VA",VA,276.15,USA,0.0,0.0
VA-02018000,02018000,"CRAIG CREEK AT PARR, VA",VA,852.34,USA,0.0,0.0
VA-02027000,02027000,"TYE RIVER NEAR LOVINGSTON, VA",VA,240.77,USA,0.0,0.0
VA-02027500,02027500,"PINEY RIVER AT PINEY RIVER, VA",VA,123.34,USA,0.0,0.0
VA-02028500,02028500,"ROCKFISH RIVER NEAR GREENFIELD, VA",VA,245.45,USA,0.0,0.0
VA-02038850,02038850,"HOLIDAY CREEK NEAR ANDERSONVILLE, VA",VA,22.0,USA,0.0,0.0
VA-02046000,02046000,"STONY CREEK NEAR DINWIDDIE, VA",VA,288.52,USA,0.0,0.0
VA-02051000,02051000,"NORTH MEHERRIN RIVER NEAR LUNENBURG, VA",VA,144.82,USA,0.0,0.0
VA-02051500,02051500,"MEHERRIN RIVER NEAR LAWRENCEVILLE, VA",VA,1428.7,USA,0.0,0.0
VA-02053800,02053800,"S F ROANOKE RIVER NEAR SHAWSVILLE, VA",VA,280.72,USA,0.0,0.0
VA-02055100,02055100,"TINKER CREEK NEAR DALEVILLE, VA",VA,30.54,USA,0.0,0.0
VA-02056900,02056900,"BLACKWATER RIVER NEAR ROCKY MOUNT, VA",VA,298.11,USA,0.0,0.0
VA-02059500,02059500,"GOOSE CREEK NEAR HUDDLESTON, VA",VA,485.41,USA,0.0,0.0
VA-02064000,02064000,"FALLING RIVER NEAR NARUNA, VA",VA,427.77,USA,0.0,0.0
VA-02065500,02065500,"CUB CREEK AT PHENIX, VA",VA,252.58,USA,0.0,0.0
VA-02069700,02069700,"SOUTH MAYO RIVER NEAR NETTLERIDGE, VA",VA,221.13,USA,0.0,0.0
VA-02070000,02070000,"NORTH MAYO RIVER NEAR SPENCER, VA",VA,270.61,USA,0.0,0.0
VA-02074500,02074500,"SANDY RIVER NEAR DANVILLE, VA",VA,288.53,USA,0.0,0.0
VA-03164000,03164000,"NEW RIVER NEAR GALAX, VA",VA,2952.74,USA,0.0,0.0
VA-03165000,03165000,"CHESTNUT CREEK AT GALAX, VA",VA,102.0,USA,0.0,0.0
VA-03170000,03170000,"LITTLE RIVER AT GRAYSONTOWN, VA",VA,794.64,USA,0.0,0.0
VA-03173000,03173000,"WALKER CREEK AT BANE, VA",VA,773.31,USA,0.0,0.0
VA-03471500,03471500,"S F HOLSTON RIVER AT RIVERSIDE NR CHILHOWIE, VA",VA,198.16,USA,0.0,0.0
VA-03473000,03473000,"S F HOLSTON RIVER NEAR DAMASCUS, VA",VA,784.81,USA,0.0,0.0
VA-03488000,03488000,"N F HOLSTON RIVER NEAR SALTVILLE, VA",VA,578.21,USA,0.0,0.0
VT-01134500,01134500,"MOOSE RIVER AT VICTORY, VT",VT,195.13,USA,0.0,0.0
VT-01139000,01139000,"WELLS RIVER AT WELLS RIVER, VT",VT,246.33,USA,0.0,0.0
VT-01139800,01139800,"EAST ORANGE BRANCH AT EAST ORANGE, VT",VT,22.8,USA,0.0,0.0
VT-01142500,01142500,"AYERS BROOK AT RANDOLPH, VT",VT,82.17,USA,0.0,0.0
VT-01144000,01144000,"WHITE RIVER AT WEST HARTFORD, VT",VT,1790.24,USA,0.0,0.0
VT-01150900,01150900,"OTTAUQUECHEE RIVER NEAR WEST BRIDGEWATER, VT",VT,61.17,USA,0.0,0.0
VT-04296000,04296000,"BLACK RIVER AT COVENTRY, VT",VT,302.19,USA,0.0,0.0
WA-12010000,12010000,"NASELLE RIVER NEAR NASELLE, WA",WA,142.18,USA,0.0,0.0
WA-12013500,12013500,"WILLAPA RIVER NEAR WILLAPA, WA",WA,337.68,USA,0.0,0.0
WA-12020000,12020000,"CHEHALIS RIVER NEAR DOTY, WA",WA,294.22,USA,0.0,0.0
WA-12025000,12025000,"NEWAUKUM RIVER NEAR CHEHALIS, WA",WA,404.9,USA,0.0,0.0
WA-12025700,12025700,"SKOOKUMCHUCK RIVER NEAR VAIL, WA",WA,103.3,USA,0.0,0.0
WA-12035000,12035000,"SATSOP RIVER NEAR SATSOP, WA",WA,769.9,USA,0.0,0.0
WA-12040500,12040500,"QUEETS RIVER NEAR CLEARWATER, WA",WA,1153.44,USA,3.617262817615209,0.313606500348107
WA-12041200,12041200,"HOH RIVER AT US HIGHWAY 101 NEAR FORKS, WA",WA,655.8,USA,24.487633544608478,3.73400938466125
WA-12043000,12043000,"CALAWAH RIVER NEAR FORKS, WA",WA,337.18,USA,0.0,0.0
WA-12048000,12048000,"DUNGENESS RIVER NEAR SEQUIM, WA",WA,405.01,USA,1.641301420915688,0.405249603939579
WA-12054000,12054000,"DUCKABUSH RIVER NEAR BRINNON, WA",WA,171.68,USA,0.401266455739238,0.233729296213442
WA-12056500,12056500,"NF SKOKOMISH R BL STAIRCASE RPDS NR HOODSPORT, WA",WA,146.97,USA,0.14982619163506,0.101943384115847
WA-12073500,12073500,"HUGE CREEK NEAR WAUNA, WA",WA,15.67,USA,0.0,0.0
WA-12082500,12082500,"NISQUALLY RIVER NEAR NATIONAL, WA",WA,350.0,USA,14.41997339370165,4.119992398200472
WA-12092000,12092000,"PUYALLUP RIVER NEAR ELECTRON, WA",WA,240.88,USA,25.46891138916337,10.573277727151847
WA-12095000,12095000,"SOUTH PRAIRIE CREEK AT SOUTH PRAIRIE, WA",WA,205.84,USA,0.0,0.0
WA-12114500,12114500,"CEDAR RIVER BELOW BEAR CREEK NEAR CEDAR FALLS, WA",WA,66.56,USA,0.0,0.0
WA-12115000,12115000,"CEDAR RIVER NEAR CEDAR FALLS, WA",WA,102.8,USA,0.0,0.0
WA-12115500,12115500,"REX RIVER NEAR CEDAR FALLS, WA",WA,34.72,USA,0.0,0.0
WA-12117000,12117000,"TAYLOR CREEK NEAR SELLECK, WA",WA,44.85,USA,0.0,0.0
WA-12141300,12141300,"MIDDLE FORK SNOQUALMIE RIVER NEAR TANNER, WA",WA,401.51,USA,0.669303051879584,0.166696483743763
WA-12143600,12143600,"SF SNOQUALMIE RIVER AT EDGEWICK, WA",WA,165.01,USA,0.0,0.0
WA-12144000,12144000,"SF SNOQUALMIE RIVER AT NORTH BEND, WA",WA,210.11,USA,0.0,0.0
WA-12145500,12145500,"RAGING RIVER NEAR FALL CITY, WA",WA,78.98,USA,0.0,0.0
WA-12147500,12147500,"NORTH FORK TOLT RIVER NEAR CARNATION, WA",WA,102.89,USA,0.0,0.0
WA-12147600,12147600,"SOUTH FORK TOLT RIVER NEAR INDEX, WA",WA,14.13,USA,0.0,0.0
WA-12167000,12167000,"NF STILLAGUAMISH RIVER NEAR ARLINGTON, WA",WA,683.75,USA,1.640017222697695,0.239856266573703
WA-12175500,12175500,"THUNDER CREEK NEAR NEWHALEM, WA",WA,273.82,USA,36.855716334770335,13.459833589500525
WA-12178100,12178100,"NEWHALEM CREEK NEAR NEWHALEM, WA",WA,69.68,USA,1.26154535614447,1.81048415060917
WA-12186000,12186000,"SAUK RIVER AB WHITECHUCK RIVER NEAR DARRINGTON, WA",WA,398.44,USA,3.030249949926593,0.760528548822054
WA-12189500,12189500,"SAUK RIVER NEAR SAUK, WA",WA,1855.32,USA,39.969272670501965,2.154306139668734
WA-12447390,12447390,"ANDREWS CREEK NEAR MAZAMA, WA",WA,58.1,USA,0.0,0.0
WA-12451000,12451000,"STEHEKIN RIVER AT STEHEKIN, WA",WA,830.6,USA,23.382121804064493,2.815088105473693
WA-12488500,12488500,"AMERICAN RIVER NEAR NILE, WA",WA,205.17,USA,0.0,0.0
WA-14216500,14216500,"MUDDY CREEK BELOW CLEAR CREEK NEAR COUGAR, WA",WA,349.52,USA,0.75153988533027,0.215020566871787
WA-14222500,14222500,"EAST FORK LEWIS RIVER NEAR HEISSON, WA",WA,323.89,USA,0.0,0.0
WA-14236200,14236200,"TILTON RIVER AB BEAR CANYON CREEK NEAR CINEBAR, WA",WA,360.99,USA,0.0,0.0
WI-04024430,04024430,"NEMADJI RIVER NEAR SOUTH SUPERIOR, WI",WI,1091.25,USA,0.0,0.0
WI-04027000,04027000,"BAD RIVER NEAR ODANAH, WI",WI,1619.85,USA,0.0,0.0
WI-04063700,04063700,"POPPLE RIVER NEAR FENCE, WI",WI,362.57,USA,0.0,0.0
WI-04074950,04074950,"WOLF RIVER AT LANGLADE, WI",WI,1205.53,USA,0.0,0.0
WI-05362000,05362000,"JUMP RIVER AT SHELDON, WI",WI,1477.29,USA,0.0,0.0
WI-05393500,05393500,"SPIRIT RIVER AT SPIRIT FALLS, WI",WI,220.43,USA,0.0,0.0
WI-05399500,05399500,"BIG EAU PLEINE RIVER AT STRATFORD, WI",WI,576.3,USA,0.0,0.0
WI-05408000,05408000,"KICKAPOO RIVER AT LA FARGE, WI",WI,689.33,USA,0.0,0.0
WI-05413500,05413500,"GRANT RIVER AT BURTON, WI",WI,695.33,USA,0.0,0.0
WI-05414000,05414000,"PLATTE RIVER NEAR ROCKVILLE, WI",WI,370.79,USA,0.0,0.0
WV-01605500,01605500,"SOUTH BRANCH POTOMAC RIVER AT FRANKLIN, WV",WV,463.85,USA,0.0,0.0
WV-01606500,01606500,"SO. BRANCH POTOMAC RIVER NR PETERSBURG, WV",WV,1684.55,USA,0.0,0.0
WV-03050000,03050000,"TYGART VALLEY RIVER NEAR DAILEY, WV",WV,487.29,USA,0.0,0.0
WV-03066000,03066000,"BLACKWATER R AT DAVIS, WV",WV,222.78,USA,0.0,0.0
WV-03069500,03069500,"CHEAT RIVER NEAR PARSONS, WV",WV,1856.85,USA,0.0,0.0
WV-03070500,03070500,"BIG SANDY CREEK AT ROCKVILLE, WV",WV,517.38,USA,0.0,0.0
WV-03180500,03180500,"GREENBRIER RIVER AT DURBIN, WV",WV,345.05,USA,0.0,0.0
WV-03182500,03182500,"GREENBRIER RIVER AT BUCKEYE, WV",WV,1364.97,USA,0.0,0.0
WV-03186500,03186500,"WILLIAMS RIVER AT DYER, WV",WV,329.68,USA,0.0,0.0
WV-03187500,03187500,"CRANBERRY RIVER NEAR RICHWOOD, WV",WV,207.42,USA,0.0,0.0
WY-06188000,06188000,"LAMAR RIVER NR TOWER FALLS RANGER STATION, YNP",WY,1730.28,USA,0.140507216913836,0.008120490146903
WY-06221400,06221400,"DINWOODY CREEK ABOVE LAKES, NEAR BURRIS, WYO.",WY,227.88,USA,15.464510085372138,6.786251573359723
WY-06224000,06224000,"BULL LAKE CREEK ABOVE BULL LAKE, WY",WY,484.86,USA,13.750834952089603,2.8360423528626
WY-06278300,06278300,"SHELL CREEK ABOVE SHELL CREEK RESERVOIR, WY",WY,58.85,USA,0.0,0.0
WY-06280300,06280300,"SOUTH FORK SHOSHONE RIVER NEAR VALLEY, WY",WY,793.95,USA,0.879932132622314,0.110829665926357
WY-06309200,06309200,"MIDDLE FORK POWDER RIVER NEAR BARNUM, WY",WY,117.54,USA,0.0,0.0
WY-06311000,06311000,"NORTH FORK POWDER RIVER NEAR HAZELTON, WY",WY,61.23,USA,0.0,0.0
WY-06622700,06622700,"NORTH BRUSH CREEK NEAR SARATOGA, WY",WY,98.7,USA,0.0,0.0
WY-06623800,06623800,"ENCAMPMENT RIVER AB HOG PARK CR, NR ENCAMPMENT, WY",WY,187.66,USA,0.0,0.0
WY-06632400,06632400,"ROCK CREEK AB KING CANYON CANAL, NR ARLINGTON, WY",WY,162.99,USA,0.0,0.0
WY-09210500,09210500,"FONTENELLE C NR HERSCHLER RANCH, NR FONTENELLE, WY",WY,398.31,USA,0.0,0.0
WY-09223000,09223000,"HAMS FORK BELOW POLE CREEK, NEAR FRONTIER, WY",WY,333.15,USA,0.0,0.0
WY-13010065,13010065,SNAKE RIVER AB JACKSON LAKE AT FLAGG RANCH WY,WY,1222.29,USA,0.0,0.0
WY-13011500,13011500,PACIFIC CREEK AT MORAN WY,WY,404.08,USA,0.0,0.0
WY-13011900,13011900,BUFFALO FORK AB LAVA CREEK NR MORAN WY,WY,851.8,USA,0.15542193844633,0.018246294722509
WY-13018300,13018300,"CACHE CREEK NEAR JACKSON, WY",WY,27.9,USA,0.0,0.0
WY-13023000,13023000,GREYS RIVER AB RESERVOIR NR ALPINE WY,WY,1161.93,USA,0.0,0.0
